Time,LGSTORE1:CHICAGO ANN HTG 99.6% CONDNS DB:Des Heat Load [W],LGSTORE1:CHICAGO ANN CLG .4% CONDNS WB=>MDB:Des Sens Cool Load [W],LGSTORE1:CHICAGO ANN HTG 99.6% CONDNS DB:Des Heat Mass Flow [kg/s],LGSTORE1:CHICAGO ANN CLG .4% CONDNS WB=>MDB:Des Cool Mass Flow [kg/s],LGSTORE2:CHICAGO ANN HTG 99.6% CONDNS DB:Des Heat Load [W],LGSTORE2:CHICAGO ANN CLG .4% CONDNS WB=>MDB:Des Sens Cool Load [W],LGSTORE2:CHICAGO ANN HTG 99.6% CONDNS DB:Des Heat Mass Flow [kg/s],LGSTORE2:CHICAGO ANN CLG .4% CONDNS WB=>MDB:Des Cool Mass Flow [kg/s],SMSTORE1:CHICAGO ANN HTG 99.6% CONDNS DB:Des Heat Load [W],SMSTORE1:CHICAGO ANN CLG .4% CONDNS WB=>MDB:Des Sens Cool Load [W],SMSTORE1:CHICAGO ANN HTG 99.6% CONDNS DB:Des Heat Mass Flow [kg/s],SMSTORE1:CHICAGO ANN CLG .4% CONDNS WB=>MDB:Des Cool Mass Flow [kg/s],SMSTORE2:CHICAGO ANN HTG 99.6% CONDNS DB:Des Heat Load [W],SMSTORE2:CHICAGO ANN CLG .4% CONDNS WB=>MDB:Des Sens Cool Load [W],SMSTORE2:CHICAGO ANN HTG 99.6% CONDNS DB:Des Heat Mass Flow [kg/s],SMSTORE2:CHICAGO ANN CLG .4% CONDNS WB=>MDB:Des Cool Mass Flow [kg/s],SMSTORE3:CHICAGO ANN HTG 99.6% CONDNS DB:Des Heat Load [W],SMSTORE3:CHICAGO ANN CLG .4% CONDNS WB=>MDB:Des Sens Cool Load [W],SMSTORE3:CHICAGO ANN HTG 99.6% CONDNS DB:Des Heat Mass Flow [kg/s],SMSTORE3:CHICAGO ANN CLG .4% CONDNS WB=>MDB:Des Cool Mass Flow [kg/s],SMSTORE4:CHICAGO ANN HTG 99.6% CONDNS DB:Des Heat Load [W],SMSTORE4:CHICAGO ANN CLG .4% CONDNS WB=>MDB:Des Sens Cool Load [W],SMSTORE4:CHICAGO ANN HTG 99.6% CONDNS DB:Des Heat Mass Flow [kg/s],SMSTORE4:CHICAGO ANN CLG .4% CONDNS WB=>MDB:Des Cool Mass Flow [kg/s],SMSTORE5:CHICAGO ANN HTG 99.6% CONDNS DB:Des Heat Load [W],SMSTORE5:CHICAGO ANN CLG .4% CONDNS WB=>MDB:Des Sens Cool Load [W],SMSTORE5:CHICAGO ANN HTG 99.6% CONDNS DB:Des Heat Mass Flow [kg/s],SMSTORE5:CHICAGO ANN CLG .4% CONDNS WB=>MDB:Des Cool Mass Flow [kg/s],SMSTORE6:CHICAGO ANN HTG 99.6% CONDNS DB:Des Heat Load [W],SMSTORE6:CHICAGO ANN CLG .4% CONDNS WB=>MDB:Des Sens Cool Load [W],SMSTORE6:CHICAGO ANN HTG 99.6% CONDNS DB:Des Heat Mass Flow [kg/s],SMSTORE6:CHICAGO ANN CLG .4% CONDNS WB=>MDB:Des Cool Mass Flow [kg/s],SMSTORE7:CHICAGO ANN HTG 99.6% CONDNS DB:Des Heat Load [W],SMSTORE7:CHICAGO ANN CLG .4% CONDNS WB=>MDB:Des Sens Cool Load [W],SMSTORE7:CHICAGO ANN HTG 99.6% CONDNS DB:Des Heat Mass Flow [kg/s],SMSTORE7:CHICAGO ANN CLG .4% CONDNS WB=>MDB:Des Cool Mass Flow [kg/s],SMSTORE8:CHICAGO ANN HTG 99.6% CONDNS DB:Des Heat Load [W],SMSTORE8:CHICAGO ANN CLG .4% CONDNS WB=>MDB:Des Sens Cool Load [W],SMSTORE8:CHICAGO ANN HTG 99.6% CONDNS DB:Des Heat Mass Flow [kg/s],SMSTORE8:CHICAGO ANN CLG .4% CONDNS WB=>MDB:Des Cool Mass Flow [kg/s]
00:10:00,1.817069E+04,0.000000E+00,9.375938E-01,0.000000E+00,1.441088E+04,0.000000E+00,7.436586E-01,0.000000E+00,7.372839E+03,0.000000E+00,3.804702E-01,0.000000E+00,7.313965E+03,0.000000E+00,3.774321E-01,0.000000E+00,7.311261E+03,0.000000E+00,3.772925E-01,0.000000E+00,7.322461E+03,0.000000E+00,3.778706E-01,0.000000E+00,7.322745E+03,0.000000E+00,3.778852E-01,0.000000E+00,7.316117E+03,0.000000E+00,3.775431E-01,0.000000E+00,7.397650E+03,0.000000E+00,3.817506E-01,0.000000E+00,1.103262E+04,0.000000E+00,5.692329E-01,0.000000E+00
00:20:00,1.817069E+04,0.000000E+00,9.375938E-01,0.000000E+00,1.441088E+04,0.000000E+00,7.436586E-01,0.000000E+00,7.372839E+03,0.000000E+00,3.804702E-01,0.000000E+00,7.313965E+03,0.000000E+00,3.774321E-01,0.000000E+00,7.311261E+03,0.000000E+00,3.772925E-01,0.000000E+00,7.322461E+03,0.000000E+00,3.778706E-01,0.000000E+00,7.322745E+03,0.000000E+00,3.778852E-01,0.000000E+00,7.316117E+03,0.000000E+00,3.775431E-01,0.000000E+00,7.397650E+03,0.000000E+00,3.817506E-01,0.000000E+00,1.103262E+04,0.000000E+00,5.692329E-01,0.000000E+00
00:30:00,1.817069E+04,0.000000E+00,9.375938E-01,0.000000E+00,1.441088E+04,0.000000E+00,7.436586E-01,0.000000E+00,7.372839E+03,0.000000E+00,3.804702E-01,0.000000E+00,7.313965E+03,0.000000E+00,3.774321E-01,0.000000E+00,7.311261E+03,0.000000E+00,3.772925E-01,0.000000E+00,7.322461E+03,0.000000E+00,3.778706E-01,0.000000E+00,7.322745E+03,0.000000E+00,3.778852E-01,0.000000E+00,7.316117E+03,0.000000E+00,3.775431E-01,0.000000E+00,7.397650E+03,0.000000E+00,3.817506E-01,0.000000E+00,1.103262E+04,0.000000E+00,5.692329E-01,0.000000E+00
00:40:00,1.817069E+04,0.000000E+00,9.375938E-01,0.000000E+00,1.441088E+04,0.000000E+00,7.436586E-01,0.000000E+00,7.372839E+03,0.000000E+00,3.804702E-01,0.000000E+00,7.313965E+03,0.000000E+00,3.774321E-01,0.000000E+00,7.311261E+03,0.000000E+00,3.772925E-01,0.000000E+00,7.322461E+03,0.000000E+00,3.778706E-01,0.000000E+00,7.322745E+03,0.000000E+00,3.778852E-01,0.000000E+00,7.316117E+03,0.000000E+00,3.775431E-01,0.000000E+00,7.397650E+03,0.000000E+00,3.817506E-01,0.000000E+00,1.103262E+04,0.000000E+00,5.692329E-01,0.000000E+00
00:50:00,1.817069E+04,0.000000E+00,9.375938E-01,0.000000E+00,1.441088E+04,0.000000E+00,7.436586E-01,0.000000E+00,7.372839E+03,0.000000E+00,3.804702E-01,0.000000E+00,7.313965E+03,0.000000E+00,3.774321E-01,0.000000E+00,7.311261E+03,0.000000E+00,3.772925E-01,0.000000E+00,7.322461E+03,0.000000E+00,3.778706E-01,0.000000E+00,7.322745E+03,0.000000E+00,3.778852E-01,0.000000E+00,7.316117E+03,0.000000E+00,3.775431E-01,0.000000E+00,7.397650E+03,0.000000E+00,3.817506E-01,0.000000E+00,1.103262E+04,0.000000E+00,5.692329E-01,0.000000E+00
01:00:00,1.817069E+04,0.000000E+00,9.375938E-01,0.000000E+00,1.441088E+04,0.000000E+00,7.436586E-01,0.000000E+00,7.372839E+03,0.000000E+00,3.804702E-01,0.000000E+00,7.313965E+03,0.000000E+00,3.774321E-01,0.000000E+00,7.311261E+03,0.000000E+00,3.772925E-01,0.000000E+00,7.322461E+03,0.000000E+00,3.778706E-01,0.000000E+00,7.322745E+03,0.000000E+00,3.778852E-01,0.000000E+00,7.316117E+03,0.000000E+00,3.775431E-01,0.000000E+00,7.397650E+03,0.000000E+00,3.817506E-01,0.000000E+00,1.103262E+04,0.000000E+00,5.692329E-01,0.000000E+00
01:10:00,1.817069E+04,0.000000E+00,9.375938E-01,0.000000E+00,1.441088E+04,0.000000E+00,7.436586E-01,0.000000E+00,7.372839E+03,0.000000E+00,3.804702E-01,0.000000E+00,7.313965E+03,0.000000E+00,3.774321E-01,0.000000E+00,7.311261E+03,0.000000E+00,3.772925E-01,0.000000E+00,7.322461E+03,0.000000E+00,3.778706E-01,0.000000E+00,7.322745E+03,0.000000E+00,3.778852E-01,0.000000E+00,7.316117E+03,0.000000E+00,3.775431E-01,0.000000E+00,7.397650E+03,0.000000E+00,3.817506E-01,0.000000E+00,1.103262E+04,0.000000E+00,5.692329E-01,0.000000E+00
01:20:00,1.817069E+04,0.000000E+00,9.375938E-01,0.000000E+00,1.441088E+04,0.000000E+00,7.436586E-01,0.000000E+00,7.372839E+03,0.000000E+00,3.804702E-01,0.000000E+00,7.313965E+03,0.000000E+00,3.774321E-01,0.000000E+00,7.311261E+03,0.000000E+00,3.772925E-01,0.000000E+00,7.322461E+03,0.000000E+00,3.778706E-01,0.000000E+00,7.322745E+03,0.000000E+00,3.778852E-01,0.000000E+00,7.316117E+03,0.000000E+00,3.775431E-01,0.000000E+00,7.397650E+03,0.000000E+00,3.817506E-01,0.000000E+00,1.103262E+04,0.000000E+00,5.692329E-01,0.000000E+00
01:30:00,1.817069E+04,0.000000E+00,9.375938E-01,0.000000E+00,1.441088E+04,0.000000E+00,7.436586E-01,0.000000E+00,7.372839E+03,0.000000E+00,3.804702E-01,0.000000E+00,7.313965E+03,0.000000E+00,3.774321E-01,0.000000E+00,7.311261E+03,0.000000E+00,3.772925E-01,0.000000E+00,7.322461E+03,0.000000E+00,3.778706E-01,0.000000E+00,7.322745E+03,0.000000E+00,3.778852E-01,0.000000E+00,7.316117E+03,0.000000E+00,3.775431E-01,0.000000E+00,7.397650E+03,0.000000E+00,3.817506E-01,0.000000E+00,1.103262E+04,0.000000E+00,5.692329E-01,0.000000E+00
01:40:00,1.817069E+04,0.000000E+00,9.375938E-01,0.000000E+00,1.441088E+04,0.000000E+00,7.436586E-01,0.000000E+00,7.372839E+03,0.000000E+00,3.804702E-01,0.000000E+00,7.313965E+03,0.000000E+00,3.774321E-01,0.000000E+00,7.311261E+03,0.000000E+00,3.772925E-01,0.000000E+00,7.322461E+03,0.000000E+00,3.778706E-01,0.000000E+00,7.322745E+03,0.000000E+00,3.778852E-01,0.000000E+00,7.316117E+03,0.000000E+00,3.775431E-01,0.000000E+00,7.397650E+03,0.000000E+00,3.817506E-01,0.000000E+00,1.103262E+04,0.000000E+00,5.692329E-01,0.000000E+00
01:50:00,1.817069E+04,0.000000E+00,9.375938E-01,0.000000E+00,1.441088E+04,0.000000E+00,7.436586E-01,0.000000E+00,7.372839E+03,0.000000E+00,3.804702E-01,0.000000E+00,7.313965E+03,0.000000E+00,3.774321E-01,0.000000E+00,7.311261E+03,0.000000E+00,3.772925E-01,0.000000E+00,7.322461E+03,0.000000E+00,3.778706E-01,0.000000E+00,7.322745E+03,0.000000E+00,3.778852E-01,0.000000E+00,7.316117E+03,0.000000E+00,3.775431E-01,0.000000E+00,7.397650E+03,0.000000E+00,3.817506E-01,0.000000E+00,1.103262E+04,0.000000E+00,5.692329E-01,0.000000E+00
02:00:00,1.817069E+04,0.000000E+00,9.375938E-01,0.000000E+00,1.441088E+04,0.000000E+00,7.436586E-01,0.000000E+00,7.372839E+03,0.000000E+00,3.804702E-01,0.000000E+00,7.313965E+03,0.000000E+00,3.774321E-01,0.000000E+00,7.311261E+03,0.000000E+00,3.772925E-01,0.000000E+00,7.322461E+03,0.000000E+00,3.778706E-01,0.000000E+00,7.322745E+03,0.000000E+00,3.778852E-01,0.000000E+00,7.316117E+03,0.000000E+00,3.775431E-01,0.000000E+00,7.397650E+03,0.000000E+00,3.817506E-01,0.000000E+00,1.103262E+04,0.000000E+00,5.692329E-01,0.000000E+00
02:10:00,1.817069E+04,0.000000E+00,9.375938E-01,0.000000E+00,1.441088E+04,0.000000E+00,7.436586E-01,0.000000E+00,7.372839E+03,0.000000E+00,3.804702E-01,0.000000E+00,7.313965E+03,0.000000E+00,3.774321E-01,0.000000E+00,7.311261E+03,0.000000E+00,3.772925E-01,0.000000E+00,7.322461E+03,0.000000E+00,3.778706E-01,0.000000E+00,7.322745E+03,0.000000E+00,3.778852E-01,0.000000E+00,7.316117E+03,0.000000E+00,3.775431E-01,0.000000E+00,7.397650E+03,0.000000E+00,3.817506E-01,0.000000E+00,1.103262E+04,0.000000E+00,5.692329E-01,0.000000E+00
02:20:00,1.817069E+04,0.000000E+00,9.375938E-01,0.000000E+00,1.441088E+04,0.000000E+00,7.436586E-01,0.000000E+00,7.372839E+03,0.000000E+00,3.804702E-01,0.000000E+00,7.313965E+03,0.000000E+00,3.774321E-01,0.000000E+00,7.311261E+03,0.000000E+00,3.772925E-01,0.000000E+00,7.322461E+03,0.000000E+00,3.778706E-01,0.000000E+00,7.322745E+03,0.000000E+00,3.778852E-01,0.000000E+00,7.316117E+03,0.000000E+00,3.775431E-01,0.000000E+00,7.397650E+03,0.000000E+00,3.817506E-01,0.000000E+00,1.103262E+04,0.000000E+00,5.692329E-01,0.000000E+00
02:30:00,1.817069E+04,0.000000E+00,9.375938E-01,0.000000E+00,1.441088E+04,0.000000E+00,7.436586E-01,0.000000E+00,7.372839E+03,0.000000E+00,3.804702E-01,0.000000E+00,7.313965E+03,0.000000E+00,3.774321E-01,0.000000E+00,7.311261E+03,0.000000E+00,3.772925E-01,0.000000E+00,7.322461E+03,0.000000E+00,3.778706E-01,0.000000E+00,7.322745E+03,0.000000E+00,3.778852E-01,0.000000E+00,7.316117E+03,0.000000E+00,3.775431E-01,0.000000E+00,7.397650E+03,0.000000E+00,3.817506E-01,0.000000E+00,1.103262E+04,0.000000E+00,5.692329E-01,0.000000E+00
02:40:00,1.817069E+04,0.000000E+00,9.375938E-01,0.000000E+00,1.441088E+04,0.000000E+00,7.436586E-01,0.000000E+00,7.372839E+03,0.000000E+00,3.804702E-01,0.000000E+00,7.313965E+03,0.000000E+00,3.774321E-01,0.000000E+00,7.311261E+03,0.000000E+00,3.772925E-01,0.000000E+00,7.322461E+03,0.000000E+00,3.778706E-01,0.000000E+00,7.322745E+03,0.000000E+00,3.778852E-01,0.000000E+00,7.316117E+03,0.000000E+00,3.775431E-01,0.000000E+00,7.397650E+03,0.000000E+00,3.817506E-01,0.000000E+00,1.103262E+04,0.000000E+00,5.692329E-01,0.000000E+00
02:50:00,1.817069E+04,0.000000E+00,9.375938E-01,0.000000E+00,1.441088E+04,0.000000E+00,7.436586E-01,0.000000E+00,7.372839E+03,0.000000E+00,3.804702E-01,0.000000E+00,7.313965E+03,0.000000E+00,3.774321E-01,0.000000E+00,7.311261E+03,0.000000E+00,3.772925E-01,0.000000E+00,7.322461E+03,0.000000E+00,3.778706E-01,0.000000E+00,7.322745E+03,0.000000E+00,3.778852E-01,0.000000E+00,7.316117E+03,0.000000E+00,3.775431E-01,0.000000E+00,7.397650E+03,0.000000E+00,3.817506E-01,0.000000E+00,1.103262E+04,0.000000E+00,5.692329E-01,0.000000E+00
03:00:00,1.817069E+04,0.000000E+00,9.375938E-01,0.000000E+00,1.441088E+04,0.000000E+00,7.436586E-01,0.000000E+00,7.372839E+03,0.000000E+00,3.804702E-01,0.000000E+00,7.313965E+03,0.000000E+00,3.774321E-01,0.000000E+00,7.311261E+03,0.000000E+00,3.772925E-01,0.000000E+00,7.322461E+03,0.000000E+00,3.778706E-01,0.000000E+00,7.322745E+03,0.000000E+00,3.778852E-01,0.000000E+00,7.316117E+03,0.000000E+00,3.775431E-01,0.000000E+00,7.397650E+03,0.000000E+00,3.817506E-01,0.000000E+00,1.103262E+04,0.000000E+00,5.692329E-01,0.000000E+00
03:10:00,1.817069E+04,0.000000E+00,9.375938E-01,0.000000E+00,1.441088E+04,0.000000E+00,7.436586E-01,0.000000E+00,7.372839E+03,0.000000E+00,3.804702E-01,0.000000E+00,7.313965E+03,0.000000E+00,3.774321E-01,0.000000E+00,7.311261E+03,0.000000E+00,3.772925E-01,0.000000E+00,7.322461E+03,0.000000E+00,3.778706E-01,0.000000E+00,7.322745E+03,0.000000E+00,3.778852E-01,0.000000E+00,7.316117E+03,0.000000E+00,3.775431E-01,0.000000E+00,7.397650E+03,0.000000E+00,3.817506E-01,0.000000E+00,1.103262E+04,0.000000E+00,5.692329E-01,0.000000E+00
03:20:00,1.817069E+04,0.000000E+00,9.375938E-01,0.000000E+00,1.441088E+04,0.000000E+00,7.436586E-01,0.000000E+00,7.372839E+03,0.000000E+00,3.804702E-01,0.000000E+00,7.313965E+03,0.000000E+00,3.774321E-01,0.000000E+00,7.311261E+03,0.000000E+00,3.772925E-01,0.000000E+00,7.322461E+03,0.000000E+00,3.778706E-01,0.000000E+00,7.322745E+03,0.000000E+00,3.778852E-01,0.000000E+00,7.316117E+03,0.000000E+00,3.775431E-01,0.000000E+00,7.397650E+03,0.000000E+00,3.817506E-01,0.000000E+00,1.103262E+04,0.000000E+00,5.692329E-01,0.000000E+00
03:30:00,1.817069E+04,0.000000E+00,9.375938E-01,0.000000E+00,1.441088E+04,0.000000E+00,7.436586E-01,0.000000E+00,7.372839E+03,0.000000E+00,3.804702E-01,0.000000E+00,7.313965E+03,0.000000E+00,3.774321E-01,0.000000E+00,7.311261E+03,0.000000E+00,3.772925E-01,0.000000E+00,7.322461E+03,0.000000E+00,3.778706E-01,0.000000E+00,7.322745E+03,0.000000E+00,3.778852E-01,0.000000E+00,7.316117E+03,0.000000E+00,3.775431E-01,0.000000E+00,7.397650E+03,0.000000E+00,3.817506E-01,0.000000E+00,1.103262E+04,0.000000E+00,5.692329E-01,0.000000E+00
03:40:00,1.817069E+04,0.000000E+00,9.375938E-01,0.000000E+00,1.441088E+04,0.000000E+00,7.436586E-01,0.000000E+00,7.372839E+03,0.000000E+00,3.804702E-01,0.000000E+00,7.313965E+03,0.000000E+00,3.774321E-01,0.000000E+00,7.311261E+03,0.000000E+00,3.772925E-01,0.000000E+00,7.322461E+03,0.000000E+00,3.778706E-01,0.000000E+00,7.322745E+03,0.000000E+00,3.778852E-01,0.000000E+00,7.316117E+03,0.000000E+00,3.775431E-01,0.000000E+00,7.397650E+03,0.000000E+00,3.817506E-01,0.000000E+00,1.103262E+04,0.000000E+00,5.692329E-01,0.000000E+00
03:50:00,1.817069E+04,0.000000E+00,9.375938E-01,0.000000E+00,1.441088E+04,0.000000E+00,7.436586E-01,0.000000E+00,7.372839E+03,0.000000E+00,3.804702E-01,0.000000E+00,7.313965E+03,0.000000E+00,3.774321E-01,0.000000E+00,7.311261E+03,0.000000E+00,3.772925E-01,0.000000E+00,7.322461E+03,0.000000E+00,3.778706E-01,0.000000E+00,7.322745E+03,0.000000E+00,3.778852E-01,0.000000E+00,7.316117E+03,0.000000E+00,3.775431E-01,0.000000E+00,7.397650E+03,0.000000E+00,3.817506E-01,0.000000E+00,1.103262E+04,0.000000E+00,5.692329E-01,0.000000E+00
04:00:00,1.817069E+04,0.000000E+00,9.375938E-01,0.000000E+00,1.441088E+04,0.000000E+00,7.436586E-01,0.000000E+00,7.372839E+03,0.000000E+00,3.804702E-01,0.000000E+00,7.313965E+03,0.000000E+00,3.774321E-01,0.000000E+00,7.311261E+03,0.000000E+00,3.772925E-01,0.000000E+00,7.322461E+03,0.000000E+00,3.778706E-01,0.000000E+00,7.322745E+03,0.000000E+00,3.778852E-01,0.000000E+00,7.316117E+03,0.000000E+00,3.775431E-01,0.000000E+00,7.397650E+03,0.000000E+00,3.817506E-01,0.000000E+00,1.103262E+04,0.000000E+00,5.692329E-01,0.000000E+00
04:10:00,1.817069E+04,0.000000E+00,9.375938E-01,0.000000E+00,1.441088E+04,0.000000E+00,7.436586E-01,0.000000E+00,7.372839E+03,0.000000E+00,3.804702E-01,0.000000E+00,7.313965E+03,0.000000E+00,3.774321E-01,0.000000E+00,7.311261E+03,0.000000E+00,3.772925E-01,0.000000E+00,7.322461E+03,0.000000E+00,3.778706E-01,0.000000E+00,7.322745E+03,0.000000E+00,3.778852E-01,0.000000E+00,7.316117E+03,0.000000E+00,3.775431E-01,0.000000E+00,7.397650E+03,0.000000E+00,3.817506E-01,0.000000E+00,1.103262E+04,0.000000E+00,5.692329E-01,0.000000E+00
04:20:00,1.817069E+04,0.000000E+00,9.375938E-01,0.000000E+00,1.441088E+04,0.000000E+00,7.436586E-01,0.000000E+00,7.372839E+03,0.000000E+00,3.804702E-01,0.000000E+00,7.313965E+03,0.000000E+00,3.774321E-01,0.000000E+00,7.311261E+03,0.000000E+00,3.772925E-01,0.000000E+00,7.322461E+03,0.000000E+00,3.778706E-01,0.000000E+00,7.322745E+03,0.000000E+00,3.778852E-01,0.000000E+00,7.316117E+03,0.000000E+00,3.775431E-01,0.000000E+00,7.397650E+03,0.000000E+00,3.817506E-01,0.000000E+00,1.103262E+04,0.000000E+00,5.692329E-01,0.000000E+00
04:30:00,1.817069E+04,0.000000E+00,9.375938E-01,0.000000E+00,1.441088E+04,0.000000E+00,7.436586E-01,0.000000E+00,7.372839E+03,0.000000E+00,3.804702E-01,0.000000E+00,7.313965E+03,0.000000E+00,3.774321E-01,0.000000E+00,7.311261E+03,0.000000E+00,3.772925E-01,0.000000E+00,7.322461E+03,0.000000E+00,3.778706E-01,0.000000E+00,7.322745E+03,0.000000E+00,3.778852E-01,0.000000E+00,7.316117E+03,0.000000E+00,3.775431E-01,0.000000E+00,7.397650E+03,0.000000E+00,3.817506E-01,0.000000E+00,1.103262E+04,0.000000E+00,5.692329E-01,0.000000E+00
04:40:00,1.817069E+04,0.000000E+00,9.375938E-01,0.000000E+00,1.441088E+04,0.000000E+00,7.436586E-01,0.000000E+00,7.372839E+03,0.000000E+00,3.804702E-01,0.000000E+00,7.313965E+03,0.000000E+00,3.774321E-01,0.000000E+00,7.311261E+03,0.000000E+00,3.772925E-01,0.000000E+00,7.322461E+03,0.000000E+00,3.778706E-01,0.000000E+00,7.322745E+03,0.000000E+00,3.778852E-01,0.000000E+00,7.316117E+03,0.000000E+00,3.775431E-01,0.000000E+00,7.397650E+03,0.000000E+00,3.817506E-01,0.000000E+00,1.103262E+04,0.000000E+00,5.692329E-01,0.000000E+00
04:50:00,1.817069E+04,0.000000E+00,9.375938E-01,0.000000E+00,1.441088E+04,0.000000E+00,7.436586E-01,0.000000E+00,7.372839E+03,0.000000E+00,3.804702E-01,0.000000E+00,7.313965E+03,0.000000E+00,3.774321E-01,0.000000E+00,7.311261E+03,0.000000E+00,3.772925E-01,0.000000E+00,7.322461E+03,0.000000E+00,3.778706E-01,0.000000E+00,7.322745E+03,0.000000E+00,3.778852E-01,0.000000E+00,7.316117E+03,0.000000E+00,3.775431E-01,0.000000E+00,7.397650E+03,0.000000E+00,3.817506E-01,0.000000E+00,1.103262E+04,0.000000E+00,5.692329E-01,0.000000E+00
05:00:00,1.817069E+04,0.000000E+00,9.375938E-01,0.000000E+00,1.441088E+04,0.000000E+00,7.436586E-01,0.000000E+00,7.372839E+03,0.000000E+00,3.804702E-01,0.000000E+00,7.313965E+03,0.000000E+00,3.774321E-01,0.000000E+00,7.311261E+03,0.000000E+00,3.772925E-01,0.000000E+00,7.322461E+03,0.000000E+00,3.778706E-01,0.000000E+00,7.322745E+03,0.000000E+00,3.778852E-01,0.000000E+00,7.316117E+03,0.000000E+00,3.775431E-01,0.000000E+00,7.397650E+03,0.000000E+00,3.817506E-01,0.000000E+00,1.103262E+04,0.000000E+00,5.692329E-01,0.000000E+00
05:10:00,1.817069E+04,0.000000E+00,9.375938E-01,0.000000E+00,1.441088E+04,0.000000E+00,7.436586E-01,0.000000E+00,7.372839E+03,0.000000E+00,3.804702E-01,0.000000E+00,7.313965E+03,0.000000E+00,3.774321E-01,0.000000E+00,7.311261E+03,0.000000E+00,3.772925E-01,0.000000E+00,7.322461E+03,0.000000E+00,3.778706E-01,0.000000E+00,7.322745E+03,0.000000E+00,3.778852E-01,0.000000E+00,7.316117E+03,0.000000E+00,3.775431E-01,0.000000E+00,7.397650E+03,0.000000E+00,3.817506E-01,0.000000E+00,1.103262E+04,0.000000E+00,5.692329E-01,0.000000E+00
05:20:00,1.817069E+04,0.000000E+00,9.375938E-01,0.000000E+00,1.441088E+04,0.000000E+00,7.436586E-01,0.000000E+00,7.372839E+03,0.000000E+00,3.804702E-01,0.000000E+00,7.313965E+03,0.000000E+00,3.774321E-01,0.000000E+00,7.311261E+03,0.000000E+00,3.772925E-01,0.000000E+00,7.322461E+03,0.000000E+00,3.778706E-01,0.000000E+00,7.322745E+03,0.000000E+00,3.778852E-01,0.000000E+00,7.316117E+03,0.000000E+00,3.775431E-01,0.000000E+00,7.397650E+03,0.000000E+00,3.817506E-01,0.000000E+00,1.103262E+04,0.000000E+00,5.692329E-01,0.000000E+00
05:30:00,1.817069E+04,0.000000E+00,9.375938E-01,0.000000E+00,1.441088E+04,0.000000E+00,7.436586E-01,0.000000E+00,7.372839E+03,0.000000E+00,3.804702E-01,0.000000E+00,7.313965E+03,0.000000E+00,3.774321E-01,0.000000E+00,7.311261E+03,0.000000E+00,3.772925E-01,0.000000E+00,7.322461E+03,0.000000E+00,3.778706E-01,0.000000E+00,7.322745E+03,0.000000E+00,3.778852E-01,0.000000E+00,7.316117E+03,0.000000E+00,3.775431E-01,0.000000E+00,7.397650E+03,0.000000E+00,3.817506E-01,0.000000E+00,1.103262E+04,0.000000E+00,5.692329E-01,0.000000E+00
05:40:00,1.817069E+04,0.000000E+00,9.375938E-01,0.000000E+00,1.441088E+04,0.000000E+00,7.436586E-01,0.000000E+00,7.372839E+03,0.000000E+00,3.804702E-01,0.000000E+00,7.313965E+03,0.000000E+00,3.774321E-01,0.000000E+00,7.311261E+03,0.000000E+00,3.772925E-01,0.000000E+00,7.322461E+03,0.000000E+00,3.778706E-01,0.000000E+00,7.322745E+03,0.000000E+00,3.778852E-01,0.000000E+00,7.316117E+03,0.000000E+00,3.775431E-01,0.000000E+00,7.397650E+03,0.000000E+00,3.817506E-01,0.000000E+00,1.103262E+04,0.000000E+00,5.692329E-01,0.000000E+00
05:50:00,1.817069E+04,0.000000E+00,9.375938E-01,0.000000E+00,1.441088E+04,0.000000E+00,7.436586E-01,0.000000E+00,7.372839E+03,0.000000E+00,3.804702E-01,0.000000E+00,7.313965E+03,0.000000E+00,3.774321E-01,0.000000E+00,7.311261E+03,0.000000E+00,3.772925E-01,0.000000E+00,7.322461E+03,0.000000E+00,3.778706E-01,0.000000E+00,7.322745E+03,0.000000E+00,3.778852E-01,0.000000E+00,7.316117E+03,0.000000E+00,3.775431E-01,0.000000E+00,7.397650E+03,0.000000E+00,3.817506E-01,0.000000E+00,1.103262E+04,0.000000E+00,5.692329E-01,0.000000E+00
06:00:00,1.817069E+04,0.000000E+00,9.375938E-01,0.000000E+00,1.441088E+04,0.000000E+00,7.436586E-01,0.000000E+00,7.372839E+03,0.000000E+00,3.804702E-01,0.000000E+00,7.313965E+03,0.000000E+00,3.774321E-01,0.000000E+00,7.311261E+03,0.000000E+00,3.772925E-01,0.000000E+00,7.322461E+03,0.000000E+00,3.778706E-01,0.000000E+00,7.322745E+03,0.000000E+00,3.778852E-01,0.000000E+00,7.316117E+03,0.000000E+00,3.775431E-01,0.000000E+00,7.397650E+03,0.000000E+00,3.817506E-01,0.000000E+00,1.103262E+04,0.000000E+00,5.692329E-01,0.000000E+00
06:10:00,1.817069E+04,3.503891E+03,9.375938E-01,2.831865E-01,1.441088E+04,2.762286E+03,7.436586E-01,2.320631E-01,7.372839E+03,1.861955E+03,3.804702E-01,1.502652E-01,7.313965E+03,1.636953E+03,3.774321E-01,1.346905E-01,7.311261E+03,1.621396E+03,3.772925E-01,1.340796E-01,7.322461E+03,1.599786E+03,3.778706E-01,1.326986E-01,7.322745E+03,1.400495E+03,3.778852E-01,1.184008E-01,7.316117E+03,1.394201E+03,3.775431E-01,1.179622E-01,7.397650E+03,1.384848E+03,3.817506E-01,1.173092E-01,1.103262E+04,1.218230E+03,5.692329E-01,1.048506E-01
06:20:00,1.817069E+04,5.311752E+03,9.375938E-01,4.604400E-01,1.441088E+04,4.056621E+03,7.436586E-01,3.589584E-01,7.372839E+03,2.908645E+03,3.804702E-01,2.529002E-01,7.313965E+03,2.533149E+03,3.774321E-01,2.225617E-01,7.311261E+03,2.488768E+03,3.772925E-01,2.191252E-01,7.322461E+03,2.446029E+03,3.778706E-01,2.156722E-01,7.322745E+03,2.114301E+03,3.778852E-01,1.883842E-01,7.316117E+03,2.102786E+03,3.775431E-01,1.874337E-01,7.397650E+03,2.085406E+03,3.817506E-01,1.859934E-01,1.103262E+04,1.854222E+03,5.692329E-01,1.671981E-01
06:30:00,1.817069E+04,6.992923E+03,9.375938E-01,6.256615E-01,1.441088E+04,5.268547E+03,7.436586E-01,4.780069E-01,7.372839E+03,3.869447E+03,3.804702E-01,3.473609E-01,7.313965E+03,3.358850E+03,3.774321E-01,3.037192E-01,7.311261E+03,3.289690E+03,3.772925E-01,2.978399E-01,7.322461E+03,3.228693E+03,3.778706E-01,2.925879E-01,7.322745E+03,2.777682E+03,3.778852E-01,2.535539E-01,7.316117E+03,2.761565E+03,3.775431E-01,2.521503E-01,7.397650E+03,2.737381E+03,3.817506E-01,2.500402E-01,1.103262E+04,2.455702E+03,5.692329E-01,2.262637E-01
06:40:00,1.817069E+04,8.611442E+03,9.375938E-01,7.846411E-01,1.441088E+04,6.438601E+03,7.436586E-01,5.929001E-01,7.372839E+03,4.782925E+03,3.804702E-01,4.371059E-01,7.313965E+03,4.144907E+03,3.774321E-01,3.809336E-01,7.311261E+03,4.053467E+03,3.772925E-01,3.728614E-01,7.322461E+03,3.976143E+03,3.778706E-01,3.660029E-01,7.322745E+03,3.412985E+03,3.778852E-01,3.159391E-01,7.316117E+03,3.392619E+03,3.775431E-01,3.141176E-01,7.397650E+03,3.362589E+03,3.817506E-01,3.114326E-01,1.103262E+04,3.041746E+03,5.692329E-01,2.837965E-01
06:50:00,1.817069E+04,1.018599E+04,9.375938E-01,9.392165E-01,1.441088E+04,7.577975E+03,7.436586E-01,7.047376E-01,7.372839E+03,5.662492E+03,3.804702E-01,5.234595E-01,7.313965E+03,4.901663E+03,3.774321E-01,4.552251E-01,7.311261E+03,4.789793E+03,3.772925E-01,4.451453E-01,7.322461E+03,4.697601E+03,3.778706E-01,4.368262E-01,7.322745E+03,4.027505E+03,3.778852E-01,3.762574E-01,7.316117E+03,4.003119E+03,3.775431E-01,3.740410E-01,7.397650E+03,3.968058E+03,3.817506E-01,3.708617E-01,1.103262E+04,3.618940E+03,5.692329E-01,3.404424E-01
07:00:00,1.817069E+04,1.172684E+04,9.375938E-01,1.090429E+00,1.441088E+04,8.694314E+03,7.436586E-01,8.142829E-01,7.372839E+03,6.516155E+03,3.804702E-01,6.072320E-01,7.313965E+03,5.636306E+03,3.774321E-01,5.273161E-01,7.311261E+03,5.505394E+03,3.772925E-01,5.153671E-01,7.322461E+03,5.399478E+03,3.778706E-01,5.057010E-01,7.322745E+03,4.626334E+03,3.778852E-01,4.350173E-01,7.316117E+03,4.598076E+03,3.775431E-01,4.324208E-01,7.397650E+03,4.558691E+03,3.817506E-01,4.288172E-01,1.103262E+04,4.192078E+03,5.692329E-01,3.966772E-01
07:10:00,1.817069E+04,9.742267E+03,9.375938E-01,9.562997E-01,1.441088E+04,7.033991E+03,7.436586E-01,6.903316E-01,7.372839E+03,5.489714E+03,3.804702E-01,5.389325E-01,7.313965E+03,4.718647E+03,3.774321E-01,4.631907E-01,7.311261E+03,4.585311E+03,3.772925E-01,4.500887E-01,7.322461E+03,4.488190E+03,3.778706E-01,4.405465E-01,7.322745E+03,3.814253E+03,3.778852E-01,3.743416E-01,7.316117E+03,3.788515E+03,3.775431E-01,3.718134E-01,7.397650E+03,3.754803E+03,3.817506E-01,3.685019E-01,1.103262E+04,3.548833E+03,5.692329E-01,3.482332E-01
07:20:00,1.817069E+04,9.438082E+03,9.375938E-01,9.265414E-01,1.441088E+04,6.831442E+03,7.436586E-01,6.705334E-01,7.372839E+03,5.264819E+03,3.804702E-01,5.169006E-01,7.313965E+03,4.530204E+03,3.774321E-01,4.447394E-01,7.311261E+03,4.408545E+03,3.772925E-01,4.327814E-01,7.322461E+03,4.320478E+03,3.778706E-01,4.241272E-01,7.322745E+03,3.681169E+03,3.778852E-01,3.613198E-01,7.316117E+03,3.656938E+03,3.775431E-01,3.589394E-01,7.397650E+03,3.628171E+03,3.817506E-01,3.561129E-01,1.103262E+04,3.492463E+03,5.692329E-01,3.427405E-01
07:30:00,1.817069E+04,9.249499E+03,9.375938E-01,9.077088E-01,1.441088E+04,6.704370E+03,7.436586E-01,6.578897E-01,7.372839E+03,5.115431E+03,3.804702E-01,5.020139E-01,7.313965E+03,4.403611E+03,3.774321E-01,4.321449E-01,7.311261E+03,4.290252E+03,3.772925E-01,4.210140E-01,7.322461E+03,4.208966E+03,3.778706E-01,4.130336E-01,7.322745E+03,3.592998E+03,3.778852E-01,3.525644E-01,7.316117E+03,3.569697E+03,3.775431E-01,3.502770E-01,7.397650E+03,3.545225E+03,3.817506E-01,3.478745E-01,1.103262E+04,3.477552E+03,5.692329E-01,3.412058E-01
07:40:00,1.817069E+04,9.118073E+03,9.375938E-01,8.945662E-01,1.441088E+04,6.616748E+03,7.436586E-01,6.491547E-01,7.372839E+03,5.006650E+03,3.804702E-01,4.911772E-01,7.313965E+03,4.311314E+03,3.774321E-01,4.229628E-01,7.311261E+03,4.204285E+03,3.772925E-01,4.124611E-01,7.322461E+03,4.128350E+03,3.778706E-01,4.050115E-01,7.322745E+03,3.530064E+03,3.778852E-01,3.463103E-01,7.316117E+03,3.507369E+03,3.775431E-01,3.440835E-01,7.397650E+03,3.486778E+03,3.817506E-01,3.420634E-01,1.103262E+04,3.487652E+03,5.692329E-01,3.421395E-01
07:50:00,1.817069E+04,9.029773E+03,9.375938E-01,8.857359E-01,1.441088E+04,6.561107E+03,7.436586E-01,6.435960E-01,7.372839E+03,4.927931E+03,3.804702E-01,4.833496E-01,7.313965E+03,4.245573E+03,3.774321E-01,4.164303E-01,7.311261E+03,4.143463E+03,3.772925E-01,4.064157E-01,7.322461E+03,4.071848E+03,3.778706E-01,3.993927E-01,7.322745E+03,3.487247E+03,3.778852E-01,3.420542E-01,7.316117E+03,3.464948E+03,3.775431E-01,3.398670E-01,7.397650E+03,3.447977E+03,3.817506E-01,3.382030E-01,1.103262E+04,3.518522E+03,5.692329E-01,3.451264E-01
08:00:00,1.817069E+04,8.977266E+03,9.375938E-01,8.804694E-01,1.441088E+04,6.532077E+03,7.436586E-01,6.406753E-01,7.372839E+03,4.873218E+03,3.804702E-01,4.779140E-01,7.313965E+03,4.200961E+03,3.774321E-01,4.119989E-01,7.311261E+03,4.102751E+03,3.772925E-01,4.023692E-01,7.322461E+03,4.034674E+03,3.778706E-01,3.956948E-01,7.322745E+03,3.460876E+03,3.778852E-01,3.394281E-01,7.316117E+03,3.438840E+03,3.775431E-01,3.372671E-01,7.397650E+03,3.425334E+03,3.817506E-01,3.359435E-01,1.103262E+04,3.566722E+03,5.692329E-01,3.498242E-01
08:10:00,1.817069E+04,8.951012E+03,9.375938E-01,8.778165E-01,1.441088E+04,6.522946E+03,7.436586E-01,6.397258E-01,7.372839E+03,4.836373E+03,3.804702E-01,4.742558E-01,7.313965E+03,4.172188E+03,3.774321E-01,4.091395E-01,7.311261E+03,4.077129E+03,3.772925E-01,3.998201E-01,7.322461E+03,4.011993E+03,3.778706E-01,3.934350E-01,7.322745E+03,3.446887E+03,3.778852E-01,3.380278E-01,7.316117E+03,3.425026E+03,3.775431E-01,3.358843E-01,7.397650E+03,3.414891E+03,3.817506E-01,3.348916E-01,1.103262E+04,3.627499E+03,5.692329E-01,3.557637E-01
08:20:00,1.817069E+04,8.946173E+03,9.375938E-01,8.772901E-01,1.441088E+04,6.530139E+03,7.436586E-01,6.403913E-01,7.372839E+03,4.813779E+03,3.804702E-01,4.720112E-01,7.313965E+03,4.156153E+03,3.774321E-01,4.075414E-01,7.311261E+03,4.063679E+03,3.772925E-01,3.984762E-01,7.322461E+03,4.001020E+03,3.778706E-01,3.923344E-01,7.322745E+03,3.443063E+03,3.778852E-01,3.376323E-01,7.316117E+03,3.421328E+03,3.775431E-01,3.355013E-01,7.397650E+03,3.414509E+03,3.817506E-01,3.348340E-01,1.103262E+04,3.698313E+03,5.692329E-01,3.626931E-01
08:30:00,1.817069E+04,8.958818E+03,9.375938E-01,8.784960E-01,1.441088E+04,6.550655E+03,7.436586E-01,6.423737E-01,7.372839E+03,4.802611E+03,3.804702E-01,4.708975E-01,7.313965E+03,4.150388E+03,3.774321E-01,4.069589E-01,7.311261E+03,4.060070E+03,3.772925E-01,3.981054E-01,7.322461E+03,3.999534E+03,3.778706E-01,3.921717E-01,7.322745E+03,3.447500E+03,3.778852E-01,3.380528E-01,7.316117E+03,3.425861E+03,3.775431E-01,3.359313E-01,7.397650E+03,3.422323E+03,3.817506E-01,3.355857E-01,1.103262E+04,3.776790E+03,5.692329E-01,3.703785E-01
08:40:00,1.817069E+04,8.983994E+03,9.375938E-01,8.809431E-01,1.441088E+04,6.580292E+03,7.436586E-01,6.452583E-01,7.372839E+03,4.799671E+03,3.804702E-01,4.705976E-01,7.313965E+03,4.152003E+03,3.774321E-01,4.071056E-01,7.311261E+03,4.063521E+03,3.772925E-01,3.984323E-01,7.322461E+03,4.004821E+03,3.778706E-01,3.926787E-01,7.322745E+03,3.457801E+03,3.778852E-01,3.390523E-01,7.316117E+03,3.436241E+03,3.775431E-01,3.369387E-01,7.397650E+03,3.435970E+03,3.817506E-01,3.369134E-01,1.103262E+04,3.860166E+03,5.692329E-01,3.785474E-01
08:50:00,1.817069E+04,9.017866E+03,9.375938E-01,8.842509E-01,1.441088E+04,6.615832E+03,7.436586E-01,6.487271E-01,7.372839E+03,4.802599E+03,3.804702E-01,4.708775E-01,7.313965E+03,4.158839E+03,3.774321E-01,4.077683E-01,7.311261E+03,4.071943E+03,3.772925E-01,3.992503E-01,7.322461E+03,4.014851E+03,3.778706E-01,3.936543E-01,7.322745E+03,3.472135E+03,3.778852E-01,3.404504E-01,7.316117E+03,3.450648E+03,3.775431E-01,3.383439E-01,7.397650E+03,3.453609E+03,3.817506E-01,3.386355E-01,1.103262E+04,3.945977E+03,5.692329E-01,3.869572E-01
09:00:00,1.817069E+04,9.058523E+03,9.375938E-01,8.882293E-01,1.441088E+04,6.655759E+03,7.436586E-01,6.526301E-01,7.372839E+03,4.810036E+03,3.804702E-01,4.716023E-01,7.313965E+03,4.169681E+03,3.774321E-01,4.088262E-01,7.311261E+03,4.084173E+03,3.772925E-01,4.004442E-01,7.322461E+03,4.028505E+03,3.778706E-01,3.949877E-01,7.322745E+03,3.489535E+03,3.778852E-01,3.421510E-01,7.316117E+03,3.468120E+03,3.775431E-01,3.400516E-01,7.397650E+03,3.474267E+03,3.817506E-01,3.406555E-01,1.103262E+04,4.032811E+03,5.692329E-01,3.954689E-01
09:10:00,1.817069E+04,9.104005E+03,9.375938E-01,8.926842E-01,1.441088E+04,6.698662E+03,7.436586E-01,6.568278E-01,7.372839E+03,4.820805E+03,3.804702E-01,4.726556E-01,7.313965E+03,4.183453E+03,3.774321E-01,4.101731E-01,7.311261E+03,4.099176E+03,3.772925E-01,4.019117E-01,7.322461E+03,4.044784E+03,3.778706E-01,3.965801E-01,7.322745E+03,3.509118E+03,3.778852E-01,3.440671E-01,7.316117E+03,3.487776E+03,3.775431E-01,3.419749E-01,7.397650E+03,3.497054E+03,3.817506E-01,3.428858E-01,1.103262E+04,4.119170E+03,5.692329E-01,4.039347E-01
09:20:00,1.817069E+04,9.154374E+03,9.375938E-01,8.976202E-01,1.441088E+04,6.744835E+03,7.436586E-01,6.613481E-01,7.372839E+03,4.834692E+03,3.804702E-01,4.740158E-01,7.313965E+03,4.200012E+03,3.774321E-01,4.117944E-01,7.311261E+03,4.116841E+03,3.772925E-01,4.036413E-01,7.322461E+03,4.063601E+03,3.778706E-01,3.984226E-01,7.322745E+03,3.530884E+03,3.778852E-01,3.461983E-01,7.316117E+03,3.509620E+03,3.775431E-01,3.441137E-01,7.397650E+03,3.521960E+03,3.817506E-01,3.453248E-01,1.103262E+04,4.204728E+03,5.692329E-01,4.123224E-01
09:30:00,1.817069E+04,9.210547E+03,9.375938E-01,9.031263E-01,1.441088E+04,6.795394E+03,7.436586E-01,6.662999E-01,7.372839E+03,4.851981E+03,3.804702E-01,4.757100E-01,7.313965E+03,4.219689E+03,3.774321E-01,4.137221E-01,7.311261E+03,4.137519E+03,3.772925E-01,4.056670E-01,7.322461E+03,4.085331E+03,3.778706E-01,4.005513E-01,7.322745E+03,3.555294E+03,3.778852E-01,3.485894E-01,7.316117E+03,3.534112E+03,3.775431E-01,3.465129E-01,7.397650E+03,3.549435E+03,3.817506E-01,3.480164E-01,1.103262E+04,4.289651E+03,5.692329E-01,4.206481E-01
09:40:00,1.817069E+04,9.273472E+03,9.375938E-01,9.092953E-01,1.441088E+04,6.851443E+03,7.436586E-01,6.717913E-01,7.372839E+03,4.873024E+03,3.804702E-01,4.777726E-01,7.313965E+03,4.242874E+03,3.774321E-01,4.159943E-01,7.311261E+03,4.161624E+03,3.772925E-01,4.080292E-01,7.322461E+03,4.110406E+03,3.778706E-01,4.030086E-01,7.322745E+03,3.582743E+03,3.778852E-01,3.512790E-01,7.316117E+03,3.561639E+03,3.775431E-01,3.492102E-01,7.397650E+03,3.579859E+03,3.817506E-01,3.509977E-01,1.103262E+04,4.374195E+03,5.692329E-01,4.289366E-01
09:50:00,1.817069E+04,9.343891E+03,9.375938E-01,9.161999E-01,1.441088E+04,6.913622E+03,7.436586E-01,6.778848E-01,7.372839E+03,4.898110E+03,3.804702E-01,4.802320E-01,7.313965E+03,4.269885E+03,3.774321E-01,4.186420E-01,7.311261E+03,4.189470E+03,3.772925E-01,4.107588E-01,7.322461E+03,4.139141E+03,3.778706E-01,4.058251E-01,7.322745E+03,3.613505E+03,3.778852E-01,3.542940E-01,7.316117E+03,3.592476E+03,3.775431E-01,3.522324E-01,7.397650E+03,3.613496E+03,3.817506E-01,3.542944E-01,1.103262E+04,4.458524E+03,5.692329E-01,4.372043E-01
10:00:00,1.817069E+04,9.422239E+03,9.375938E-01,9.238825E-01,1.441088E+04,6.982437E+03,7.436586E-01,6.846298E-01,7.372839E+03,4.927401E+03,3.804702E-01,4.831040E-01,7.313965E+03,4.300842E+03,3.774321E-01,4.216770E-01,7.311261E+03,4.221189E+03,3.772925E-01,4.138684E-01,7.322461E+03,4.171682E+03,3.778706E-01,4.090153E-01,7.322745E+03,3.647797E+03,3.778852E-01,3.576555E-01,7.316117E+03,3.626838E+03,3.775431E-01,3.556007E-01,7.397650E+03,3.650551E+03,3.817506E-01,3.579266E-01,1.103262E+04,4.542660E+03,5.692329E-01,4.454532E-01
10:10:00,1.817069E+04,9.508441E+03,9.375938E-01,9.323355E-01,1.441088E+04,7.057908E+03,7.436586E-01,6.920283E-01,7.372839E+03,4.960823E+03,3.804702E-01,4.863812E-01,7.313965E+03,4.335674E+03,3.774321E-01,4.250922E-01,7.311261E+03,4.256722E+03,3.772925E-01,4.173522E-01,7.322461E+03,4.207980E+03,3.778706E-01,4.125741E-01,7.322745E+03,3.685605E+03,3.778852E-01,3.613619E-01,7.316117E+03,3.664708E+03,3.775431E-01,3.593133E-01,7.397650E+03,3.690998E+03,3.817506E-01,3.618918E-01,1.103262E+04,4.626446E+03,5.692329E-01,4.536678E-01
10:20:00,1.817069E+04,9.602624E+03,9.375938E-01,9.415716E-01,1.441088E+04,7.140235E+03,7.436586E-01,7.000996E-01,7.372839E+03,4.998422E+03,3.804702E-01,4.900680E-01,7.313965E+03,4.374400E+03,3.774321E-01,4.288893E-01,7.311261E+03,4.296094E+03,3.772925E-01,4.212127E-01,7.322461E+03,4.248075E+03,3.778706E-01,4.165053E-01,7.322745E+03,3.727013E+03,3.778852E-01,3.654216E-01,7.316117E+03,3.706169E+03,3.775431E-01,3.633782E-01,7.397650E+03,3.734913E+03,3.817506E-01,3.661973E-01,1.103262E+04,4.709835E+03,5.692329E-01,4.618436E-01
10:30:00,1.817069E+04,9.704398E+03,9.375938E-01,9.515522E-01,1.441088E+04,7.228980E+03,7.436586E-01,7.088006E-01,7.372839E+03,5.040003E+03,3.804702E-01,4.941454E-01,7.313965E+03,4.416825E+03,3.774321E-01,4.330493E-01,7.311261E+03,4.339108E+03,3.772925E-01,4.254303E-01,7.322461E+03,4.291750E+03,3.778706E-01,4.207878E-01,7.322745E+03,3.771799E+03,3.778852E-01,3.698127E-01,7.316117E+03,3.750997E+03,3.775431E-01,3.677734E-01,7.397650E+03,3.782065E+03,3.817506E-01,3.708203E-01,1.103262E+04,4.792593E+03,5.692329E-01,4.699575E-01
10:40:00,1.817069E+04,9.813180E+03,9.375938E-01,9.622199E-01,1.441088E+04,7.323571E+03,7.436586E-01,7.180752E-01,7.372839E+03,5.085288E+03,3.804702E-01,4.985860E-01,7.313965E+03,4.462699E+03,3.774321E-01,4.375475E-01,7.311261E+03,4.385515E+03,3.772925E-01,4.299807E-01,7.322461E+03,4.338783E+03,3.778706E-01,4.253995E-01,7.322745E+03,3.819699E+03,3.778852E-01,3.745093E-01,7.316117E+03,3.798933E+03,3.775431E-01,3.724735E-01,7.397650E+03,3.832184E+03,3.817506E-01,3.757344E-01,1.103262E+04,4.874451E+03,5.692329E-01,4.779833E-01
10:50:00,1.817069E+04,9.928272E+03,9.375938E-01,9.735065E-01,1.441088E+04,7.423807E+03,7.436586E-01,7.279036E-01,7.372839E+03,5.133950E+03,3.804702E-01,5.033576E-01,7.313965E+03,4.511719E+03,3.774321E-01,4.423542E-01,7.311261E+03,4.435035E+03,3.772925E-01,4.348364E-01,7.322461E+03,4.388909E+03,3.778706E-01,4.303145E-01,7.322745E+03,3.870569E+03,3.778852E-01,3.794972E-01,7.316117E+03,3.849826E+03,3.775431E-01,3.774637E-01,7.397650E+03,3.885118E+03,3.817506E-01,3.809247E-01,1.103262E+04,4.955146E+03,5.692329E-01,4.858949E-01
11:00:00,1.817069E+04,1.004889E+04,9.375938E-01,9.853353E-01,1.441088E+04,7.529109E+03,7.436586E-01,7.382289E-01,7.372839E+03,5.185632E+03,3.804702E-01,5.084253E-01,7.313965E+03,4.563616E+03,3.774321E-01,4.474429E-01,7.311261E+03,4.487401E+03,3.772925E-01,4.399711E-01,7.322461E+03,4.441859E+03,3.778706E-01,4.355065E-01,7.322745E+03,3.924149E+03,3.778852E-01,3.847509E-01,7.316117E+03,3.903417E+03,3.775431E-01,3.827184E-01,7.397650E+03,3.940603E+03,3.817506E-01,3.863650E-01,1.103262E+04,5.034426E+03,5.692329E-01,4.936677E-01
11:10:00,1.817069E+04,1.017295E+04,9.375938E-01,9.975010E-01,1.441088E+04,7.637736E+03,7.436586E-01,7.488802E-01,7.372839E+03,5.239414E+03,3.804702E-01,5.136988E-01,7.313965E+03,4.617509E+03,3.774321E-01,4.527273E-01,7.311261E+03,4.541737E+03,3.772925E-01,4.452990E-01,7.322461E+03,4.496761E+03,3.778706E-01,4.408898E-01,7.322745E+03,3.979576E+03,3.778852E-01,3.901857E-01,7.316117E+03,3.958844E+03,3.775431E-01,3.881532E-01,7.397650E+03,3.997771E+03,3.817506E-01,3.919704E-01,1.103262E+04,5.111267E+03,5.692329E-01,5.012013E-01
11:20:00,1.817069E+04,1.029950E+04,9.375938E-01,1.009911E+00,1.441088E+04,7.748891E+03,7.436586E-01,7.597794E-01,7.372839E+03,5.294845E+03,3.804702E-01,5.191340E-01,7.313965E+03,4.673010E+03,3.774321E-01,4.581693E-01,7.311261E+03,4.597656E+03,3.772925E-01,4.507819E-01,7.322461E+03,4.553226E+03,3.778706E-01,4.464263E-01,7.322745E+03,4.036448E+03,3.778852E-01,3.957621E-01,7.316117E+03,4.015704E+03,3.775431E-01,3.937284E-01,7.397650E+03,4.056214E+03,3.817506E-01,3.977008E-01,1.103262E+04,5.185323E+03,5.692329E-01,5.084618E-01
11:30:00,1.817069E+04,1.042755E+04,9.375938E-01,1.022467E+00,1.441088E+04,7.861817E+03,7.436586E-01,7.708521E-01,7.372839E+03,5.351434E+03,3.804702E-01,5.246827E-01,7.313965E+03,4.729661E+03,3.774321E-01,4.637239E-01,7.311261E+03,4.654714E+03,3.772925E-01,4.563764E-01,7.322461E+03,4.610835E+03,3.778706E-01,4.520749E-01,7.322745E+03,4.094356E+03,3.778852E-01,4.014401E-01,7.316117E+03,4.073589E+03,3.775431E-01,3.994041E-01,7.397650E+03,4.115524E+03,3.817506E-01,4.035160E-01,1.103262E+04,5.256183E+03,5.692329E-01,5.154088E-01
11:40:00,1.817069E+04,1.055608E+04,9.375938E-01,1.035070E+00,1.441088E+04,7.975690E+03,7.436586E-01,7.820175E-01,7.372839E+03,5.408666E+03,3.804702E-01,5.302942E-01,7.313965E+03,4.786945E+03,3.774321E-01,4.693406E-01,7.311261E+03,4.712395E+03,3.772925E-01,4.620320E-01,7.322461E+03,4.669051E+03,3.778706E-01,4.577829E-01,7.322745E+03,4.152922E+03,3.778852E-01,4.071823E-01,7.316117E+03,4.132122E+03,3.775431E-01,4.051432E-01,7.397650E+03,4.175317E+03,3.817506E-01,4.093786E-01,1.103262E+04,5.323384E+03,5.692329E-01,5.219969E-01
11:50:00,1.817069E+04,1.068407E+04,9.375938E-01,1.047621E+00,1.441088E+04,8.089461E+03,7.436586E-01,7.931726E-01,7.372839E+03,5.466022E+03,3.804702E-01,5.359178E-01,7.313965E+03,4.844352E+03,3.774321E-01,4.749691E-01,7.311261E+03,4.770190E+03,3.772925E-01,4.676987E-01,7.322461E+03,4.727370E+03,3.778706E-01,4.635009E-01,7.322745E+03,4.211625E+03,3.778852E-01,4.129380E-01,7.316117E+03,4.190790E+03,3.775431E-01,4.108954E-01,7.397650E+03,4.235073E+03,3.817506E-01,4.152374E-01,1.103262E+04,5.386476E+03,5.692329E-01,5.281821E-01
12:00:00,1.817069E+04,1.081057E+04,9.375938E-01,1.060025E+00,1.441088E+04,8.202212E+03,7.436586E-01,8.042276E-01,7.372839E+03,5.522992E+03,3.804702E-01,5.415033E-01,7.313965E+03,4.901378E+03,3.774321E-01,4.805603E-01,7.311261E+03,4.827598E+03,3.772925E-01,4.733273E-01,7.322461E+03,4.785293E+03,3.778706E-01,4.691800E-01,7.322745E+03,4.269948E+03,3.778852E-01,4.186563E-01,7.316117E+03,4.249072E+03,3.775431E-01,4.166097E-01,7.397650E+03,4.294274E+03,3.817506E-01,4.210417E-01,1.103262E+04,5.445025E+03,5.692329E-01,5.339217E-01
12:10:00,1.817069E+04,1.093589E+04,9.375938E-01,1.072312E+00,1.441088E+04,8.314105E+03,7.436586E-01,8.151982E-01,7.372839E+03,5.579608E+03,3.804702E-01,5.470541E-01,7.313965E+03,4.958061E+03,3.774321E-01,4.861177E-01,7.311261E+03,4.884657E+03,3.772925E-01,4.789215E-01,7.322461E+03,4.842858E+03,3.778706E-01,4.748238E-01,7.322745E+03,4.327929E+03,3.778852E-01,4.243409E-01,7.316117E+03,4.307009E+03,3.775431E-01,4.222900E-01,7.397650E+03,4.352957E+03,3.817506E-01,4.267952E-01,1.103262E+04,5.499325E+03,5.692329E-01,5.392447E-01
12:20:00,1.817069E+04,1.105925E+04,9.375938E-01,1.084408E+00,1.441088E+04,8.424405E+03,7.436586E-01,8.260125E-01,7.372839E+03,5.635451E+03,3.804702E-01,5.525291E-01,7.313965E+03,5.013989E+03,3.774321E-01,4.916010E-01,7.311261E+03,4.940955E+03,3.772925E-01,4.844410E-01,7.322461E+03,4.899653E+03,3.778706E-01,4.803921E-01,7.322745E+03,4.385163E+03,3.778852E-01,4.299522E-01,7.316117E+03,4.364196E+03,3.775431E-01,4.278967E-01,7.397650E+03,4.410721E+03,3.817506E-01,4.324583E-01,1.103262E+04,5.549048E+03,5.692329E-01,5.441188E-01
12:30:00,1.817069E+04,1.117998E+04,9.375938E-01,1.096245E+00,1.441088E+04,8.532469E+03,7.436586E-01,8.366073E-01,7.372839E+03,5.690158E+03,3.804702E-01,5.578925E-01,7.313965E+03,5.068804E+03,3.774321E-01,4.969750E-01,7.311261E+03,4.996136E+03,3.772925E-01,4.898510E-01,7.322461E+03,4.955322E+03,3.778706E-01,4.858498E-01,7.322745E+03,4.441296E+03,3.778852E-01,4.354555E-01,7.316117E+03,4.420279E+03,3.775431E-01,4.333951E-01,7.397650E+03,4.467210E+03,3.817506E-01,4.379964E-01,1.103262E+04,5.593938E+03,5.692329E-01,5.485190E-01
12:40:00,1.817069E+04,1.129760E+04,9.375938E-01,1.107777E+00,1.441088E+04,8.637765E+03,7.436586E-01,8.469307E-01,7.372839E+03,5.743429E+03,3.804702E-01,5.631151E-01,7.313965E+03,5.122208E+03,3.774321E-01,5.022106E-01,7.311261E+03,5.049902E+03,3.772925E-01,4.951221E-01,7.322461E+03,5.009567E+03,3.778706E-01,4.911679E-01,7.322745E+03,4.496032E+03,3.778852E-01,4.408217E-01,7.316117E+03,4.474964E+03,3.775431E-01,4.387563E-01,7.397650E+03,4.522133E+03,3.817506E-01,4.433808E-01,1.103262E+04,5.633848E+03,5.692329E-01,5.524310E-01
12:50:00,1.817069E+04,1.141181E+04,9.375938E-01,1.118975E+00,1.441088E+04,8.739876E+03,7.436586E-01,8.569414E-01,7.372839E+03,5.795026E+03,3.804702E-01,5.681735E-01,7.313965E+03,5.173966E+03,3.774321E-01,5.072847E-01,7.311261E+03,5.102019E+03,3.772925E-01,5.002314E-01,7.322461E+03,5.062152E+03,3.778706E-01,4.963231E-01,7.322745E+03,4.549135E+03,3.778852E-01,4.460277E-01,7.316117E+03,4.528016E+03,3.775431E-01,4.439572E-01,7.397650E+03,4.575255E+03,3.817506E-01,4.485887E-01,1.103262E+04,5.668807E+03,5.692329E-01,5.558574E-01
13:00:00,1.817069E+04,1.152258E+04,9.375938E-01,1.129835E+00,1.441088E+04,8.838503E+03,7.436586E-01,8.666105E-01,7.372839E+03,5.844792E+03,3.804702E-01,5.730523E-01,7.313965E+03,5.223909E+03,3.774321E-01,5.121809E-01,7.311261E+03,5.152318E+03,3.772925E-01,5.051624E-01,7.322461E+03,5.112909E+03,3.778706E-01,5.012991E-01,7.322745E+03,4.600437E+03,3.778852E-01,4.510571E-01,7.316117E+03,4.579264E+03,3.775431E-01,4.489813E-01,7.397650E+03,4.626413E+03,3.817506E-01,4.536038E-01,1.103262E+04,5.698964E+03,5.692329E-01,5.588131E-01
13:10:00,1.817069E+04,1.162974E+04,9.375938E-01,1.140342E+00,1.441088E+04,8.933187E+03,7.436586E-01,8.758928E-01,7.372839E+03,5.892488E+03,3.804702E-01,5.777280E-01,7.313965E+03,5.271803E+03,3.774321E-01,5.168760E-01,7.311261E+03,5.200563E+03,3.772925E-01,5.098920E-01,7.322461E+03,5.161602E+03,3.778706E-01,5.060725E-01,7.322745E+03,4.649698E+03,3.778852E-01,4.558862E-01,7.316117E+03,4.628469E+03,3.775431E-01,4.538050E-01,7.397650E+03,4.675374E+03,3.817506E-01,4.584035E-01,1.103262E+04,5.724521E+03,5.692329E-01,5.613175E-01
13:20:00,1.817069E+04,1.173356E+04,9.375938E-01,1.150521E+00,1.441088E+04,9.023712E+03,7.436586E-01,8.847672E-01,7.372839E+03,5.938005E+03,3.804702E-01,5.821901E-01,7.313965E+03,5.317535E+03,3.774321E-01,5.213592E-01,7.311261E+03,5.246643E+03,3.772925E-01,5.144092E-01,7.322461E+03,5.208116E+03,3.778706E-01,5.106323E-01,7.322745E+03,4.696797E+03,3.778852E-01,4.605033E-01,7.316117E+03,4.675514E+03,3.775431E-01,4.584168E-01,7.397650E+03,4.722036E+03,3.817506E-01,4.629777E-01,1.103262E+04,5.746003E+03,5.692329E-01,5.634226E-01
13:30:00,1.817069E+04,1.183469E+04,9.375938E-01,1.160435E+00,1.441088E+04,9.110187E+03,7.436586E-01,8.932445E-01,7.372839E+03,5.981414E+03,3.804702E-01,5.864455E-01,7.313965E+03,5.361165E+03,3.774321E-01,5.256362E-01,7.311261E+03,5.290614E+03,3.772925E-01,5.187196E-01,7.322461E+03,5.252508E+03,3.778706E-01,5.149840E-01,7.322745E+03,4.741788E+03,3.778852E-01,4.649136E-01,7.316117E+03,4.720449E+03,3.775431E-01,4.628216E-01,7.397650E+03,4.766464E+03,3.817506E-01,4.673328E-01,1.103262E+04,5.764113E+03,5.692329E-01,5.651971E-01
13:40:00,1.817069E+04,1.193392E+04,9.375938E-01,1.170164E+00,1.441088E+04,9.192860E+03,7.436586E-01,9.013487E-01,7.372839E+03,6.022865E+03,3.804702E-01,5.905089E-01,7.313965E+03,5.402827E+03,3.774321E-01,5.297202E-01,7.311261E+03,5.332610E+03,3.772925E-01,5.228364E-01,7.322461E+03,5.294913E+03,3.778706E-01,5.191408E-01,7.322745E+03,4.784797E+03,3.778852E-01,4.691297E-01,7.316117E+03,4.763402E+03,3.775431E-01,4.670321E-01,7.397650E+03,4.808801E+03,3.817506E-01,4.714830E-01,1.103262E+04,5.779651E+03,5.692329E-01,5.667195E-01
13:50:00,1.817069E+04,1.203204E+04,9.375938E-01,1.179785E+00,1.441088E+04,9.272029E+03,7.436586E-01,9.091095E-01,7.372839E+03,6.062534E+03,3.804702E-01,5.943975E-01,7.313965E+03,5.442680E+03,3.774321E-01,5.336269E-01,7.311261E+03,5.372792E+03,3.772925E-01,5.267753E-01,7.322461E+03,5.335490E+03,3.778706E-01,5.231184E-01,7.322745E+03,4.825980E+03,3.778852E-01,4.731666E-01,7.316117E+03,4.804526E+03,3.775431E-01,4.710634E-01,7.397650E+03,4.849220E+03,3.817506E-01,4.754449E-01,1.103262E+04,5.793372E+03,5.692329E-01,5.680639E-01
14:00:00,1.817069E+04,1.212996E+04,9.375938E-01,1.189385E+00,1.441088E+04,9.348178E+03,7.436586E-01,9.165742E-01,7.372839E+03,6.100683E+03,3.804702E-01,5.981371E-01,7.313965E+03,5.480979E+03,3.774321E-01,5.373811E-01,7.311261E+03,5.411411E+03,3.772925E-01,5.305610E-01,7.322461E+03,5.374493E+03,3.778706E-01,5.269418E-01,7.322745E+03,4.865585E+03,3.778852E-01,4.770490E-01,7.316117E+03,4.844071E+03,3.775431E-01,4.749398E-01,7.397650E+03,4.887983E+03,3.817506E-01,4.792446E-01,1.103262E+04,5.806051E+03,5.692329E-01,5.693062E-01
14:10:00,1.817069E+04,1.222721E+04,9.375938E-01,1.198920E+00,1.441088E+04,9.420777E+03,7.436586E-01,9.236908E-01,7.372839E+03,6.137052E+03,3.804702E-01,6.017022E-01,7.313965E+03,5.517449E+03,3.774321E-01,5.409561E-01,7.311261E+03,5.448194E+03,3.772925E-01,5.341666E-01,7.322461E+03,5.411648E+03,3.778706E-01,5.305838E-01,7.322745E+03,4.903336E+03,3.778852E-01,4.807494E-01,7.316117E+03,4.881761E+03,3.775431E-01,4.786343E-01,7.397650E+03,4.924840E+03,3.817506E-01,4.828575E-01,1.103262E+04,5.817735E+03,5.692329E-01,5.704512E-01
14:20:00,1.817069E+04,1.232463E+04,9.375938E-01,1.208471E+00,1.441088E+04,9.490478E+03,7.436586E-01,9.305233E-01,7.372839E+03,6.171980E+03,3.804702E-01,6.051260E-01,7.313965E+03,5.552411E+03,3.774321E-01,5.443832E-01,7.311261E+03,5.483462E+03,3.772925E-01,5.376237E-01,7.322461E+03,5.447277E+03,3.778706E-01,5.340763E-01,7.322745E+03,4.939555E+03,3.778852E-01,4.842997E-01,7.316117E+03,4.917917E+03,3.775431E-01,4.821784E-01,7.397650E+03,4.960122E+03,3.817506E-01,4.863158E-01,1.103262E+04,5.828941E+03,5.692329E-01,5.715493E-01
14:30:00,1.817069E+04,1.242246E+04,9.375938E-01,1.218063E+00,1.441088E+04,9.557553E+03,7.436586E-01,9.370983E-01,7.372839E+03,6.205594E+03,3.804702E-01,6.084211E-01,7.313965E+03,5.585988E+03,3.774321E-01,5.476746E-01,7.311261E+03,5.517337E+03,3.772925E-01,5.409443E-01,7.322461E+03,5.481505E+03,3.778706E-01,5.374315E-01,7.322745E+03,4.974366E+03,3.778852E-01,4.877121E-01,7.316117E+03,4.952665E+03,3.775431E-01,4.855845E-01,7.397650E+03,4.993970E+03,3.817506E-01,4.896338E-01,1.103262E+04,5.839984E+03,5.692329E-01,5.726316E-01
14:40:00,1.817069E+04,1.252067E+04,9.375938E-01,1.227692E+00,1.441088E+04,9.622102E+03,7.436586E-01,9.434258E-01,7.372839E+03,6.237925E+03,3.804702E-01,6.115904E-01,7.313965E+03,5.618214E+03,3.774321E-01,5.508335E-01,7.311261E+03,5.549854E+03,3.772925E-01,5.441317E-01,7.322461E+03,5.514364E+03,3.778706E-01,5.406525E-01,7.322745E+03,5.007804E+03,3.778852E-01,4.909897E-01,7.316117E+03,4.986038E+03,3.775431E-01,4.888558E-01,7.397650E+03,5.026438E+03,3.817506E-01,4.928163E-01,1.103262E+04,5.850997E+03,5.692329E-01,5.737111E-01
14:50:00,1.817069E+04,1.261885E+04,9.375938E-01,1.237319E+00,1.441088E+04,9.683993E+03,7.436586E-01,9.494927E-01,7.372839E+03,6.268878E+03,3.804702E-01,6.146245E-01,7.313965E+03,5.649000E+03,3.774321E-01,5.538512E-01,7.311261E+03,5.580922E+03,3.772925E-01,5.471771E-01,7.322461E+03,5.545764E+03,3.778706E-01,5.437304E-01,7.322745E+03,5.039780E+03,3.778852E-01,4.941241E-01,7.316117E+03,5.017951E+03,3.775431E-01,4.919841E-01,7.397650E+03,5.057457E+03,3.817506E-01,4.958569E-01,1.103262E+04,5.861937E+03,5.692329E-01,5.747836E-01
15:00:00,1.817069E+04,1.271599E+04,9.375938E-01,1.246843E+00,1.441088E+04,9.742497E+03,7.436586E-01,9.552276E-01,7.372839E+03,6.298054E+03,3.804702E-01,6.174845E-01,7.313965E+03,5.677959E+03,3.774321E-01,5.566900E-01,7.311261E+03,5.610155E+03,3.772925E-01,5.500427E-01,7.322461E+03,5.575319E+03,3.778706E-01,5.466275E-01,7.322745E+03,5.069913E+03,3.778852E-01,4.970778E-01,7.316117E+03,5.048025E+03,3.775431E-01,4.949319E-01,7.397650E+03,5.086664E+03,3.817506E-01,4.987198E-01,1.103262E+04,5.872416E+03,5.692329E-01,5.758107E-01
15:10:00,1.817069E+04,1.281114E+04,9.375938E-01,1.256172E+00,1.441088E+04,9.797002E+03,7.436586E-01,9.605704E-01,7.372839E+03,6.325137E+03,3.804702E-01,6.201393E-01,7.313965E+03,5.704779E+03,3.774321E-01,5.593189E-01,7.311261E+03,5.637241E+03,3.772925E-01,5.526977E-01,7.322461E+03,5.602719E+03,3.778706E-01,5.493133E-01,7.322745E+03,5.097899E+03,3.778852E-01,4.998210E-01,7.316117E+03,5.075954E+03,3.775431E-01,4.976696E-01,7.397650E+03,5.113754E+03,3.817506E-01,5.013751E-01,1.103262E+04,5.881924E+03,5.692329E-01,5.767428E-01
15:20:00,1.817069E+04,1.290267E+04,9.375938E-01,1.265146E+00,1.441088E+04,9.846313E+03,7.436586E-01,9.654038E-01,7.372839E+03,6.349504E+03,3.804702E-01,6.225278E-01,7.313965E+03,5.728851E+03,3.774321E-01,5.616784E-01,7.311261E+03,5.661574E+03,3.772925E-01,5.550828E-01,7.322461E+03,5.627358E+03,3.778706E-01,5.517284E-01,7.322745E+03,5.123143E+03,3.778852E-01,5.022953E-01,7.316117E+03,5.101142E+03,3.775431E-01,5.001385E-01,7.397650E+03,5.138140E+03,3.817506E-01,5.037654E-01,1.103262E+04,5.889788E+03,5.692329E-01,5.775137E-01
15:30:00,1.817069E+04,1.298873E+04,9.375938E-01,1.273583E+00,1.441088E+04,9.888961E+03,7.436586E-01,9.695840E-01,7.372839E+03,6.370395E+03,3.804702E-01,6.245753E-01,7.313965E+03,5.749431E+03,3.774321E-01,5.636955E-01,7.311261E+03,5.682408E+03,3.772925E-01,5.571248E-01,7.322461E+03,5.648493E+03,3.778706E-01,5.537999E-01,7.322745E+03,5.144909E+03,3.778852E-01,5.044287E-01,7.316117E+03,5.122857E+03,3.775431E-01,5.022668E-01,7.397650E+03,5.159092E+03,3.817506E-01,5.058189E-01,1.103262E+04,5.895142E+03,5.692329E-01,5.780384E-01
15:40:00,1.817069E+04,1.306717E+04,9.375938E-01,1.281274E+00,1.441088E+04,9.923216E+03,7.436586E-01,9.729411E-01,7.372839E+03,6.386916E+03,3.804702E-01,6.261945E-01,7.313965E+03,5.765644E+03,3.774321E-01,5.652843E-01,7.311261E+03,5.698872E+03,3.772925E-01,5.587382E-01,7.322461E+03,5.665251E+03,3.778706E-01,5.554422E-01,7.322745E+03,5.162336E+03,3.778852E-01,5.061365E-01,7.316117E+03,5.140237E+03,3.775431E-01,5.039700E-01,7.397650E+03,5.175747E+03,3.817506E-01,5.074511E-01,1.103262E+04,5.896974E+03,5.692329E-01,5.782176E-01
15:50:00,1.817069E+04,1.313595E+04,9.375938E-01,1.288016E+00,1.441088E+04,9.947356E+03,7.436586E-01,9.753062E-01,7.372839E+03,6.398191E+03,3.804702E-01,6.272991E-01,7.313965E+03,5.776623E+03,3.774321E-01,5.663600E-01,7.311261E+03,5.710099E+03,3.772925E-01,5.598382E-01,7.322461E+03,5.676772E+03,3.778706E-01,5.565710E-01,7.322745E+03,5.174574E+03,3.778852E-01,5.073356E-01,7.316117E+03,5.152431E+03,3.775431E-01,5.051647E-01,7.397650E+03,5.187251E+03,3.817506E-01,5.085782E-01,1.103262E+04,5.894258E+03,5.692329E-01,5.779507E-01
16:00:00,1.817069E+04,1.319343E+04,9.375938E-01,1.293650E+00,1.441088E+04,9.960161E+03,7.436586E-01,9.765598E-01,7.372839E+03,6.403587E+03,3.804702E-01,6.278274E-01,7.313965E+03,5.781752E+03,3.774321E-01,5.668620E-01,7.311261E+03,5.715476E+03,3.772925E-01,5.603645E-01,7.322461E+03,5.682440E+03,3.778706E-01,5.571258E-01,7.322745E+03,5.181015E+03,3.778852E-01,5.079661E-01,7.316117E+03,5.158832E+03,3.775431E-01,5.057914E-01,7.397650E+03,5.192995E+03,3.817506E-01,5.091404E-01,1.103262E+04,5.886256E+03,5.692329E-01,5.771654E-01
16:10:00,1.817069E+04,1.323994E+04,9.375938E-01,1.298209E+00,1.441088E+04,9.962101E+03,7.436586E-01,9.767478E-01,7.372839E+03,6.403322E+03,3.804702E-01,6.278004E-01,7.313965E+03,5.781257E+03,3.774321E-01,5.668125E-01,7.311261E+03,5.715229E+03,3.772925E-01,5.603393E-01,7.322461E+03,5.682480E+03,3.778706E-01,5.571287E-01,7.322745E+03,5.181887E+03,3.778852E-01,5.080505E-01,7.316117E+03,5.159670E+03,3.775431E-01,5.058724E-01,7.397650E+03,5.193206E+03,3.817506E-01,5.091600E-01,1.103262E+04,5.873319E+03,5.692329E-01,5.758960E-01
16:20:00,1.817069E+04,1.327494E+04,9.375938E-01,1.301638E+00,1.441088E+04,9.952977E+03,7.436586E-01,9.758510E-01,7.372839E+03,6.397285E+03,3.804702E-01,6.272075E-01,7.313965E+03,5.775040E+03,3.774321E-01,5.662019E-01,7.311261E+03,5.709259E+03,3.772925E-01,5.597529E-01,7.322461E+03,5.676793E+03,3.778706E-01,5.565701E-01,7.322745E+03,5.177093E+03,3.778852E-01,5.075794E-01,7.316117E+03,5.154848E+03,3.775431E-01,5.053985E-01,7.397650E+03,5.187788E+03,3.817506E-01,5.086277E-01,1.103262E+04,5.855233E+03,5.692329E-01,5.741217E-01
16:30:00,1.817069E+04,1.330291E+04,9.375938E-01,1.304379E+00,1.441088E+04,9.937447E+03,7.436586E-01,9.743259E-01,7.372839E+03,6.387840E+03,3.804702E-01,6.262804E-01,7.313965E+03,5.765429E+03,3.774321E-01,5.652585E-01,7.311261E+03,5.699891E+03,3.772925E-01,5.588333E-01,7.322461E+03,5.667702E+03,3.778706E-01,5.556776E-01,7.322745E+03,5.168927E+03,3.778852E-01,5.067776E-01,7.316117E+03,5.146658E+03,3.775431E-01,5.045944E-01,7.397650E+03,5.179032E+03,3.817506E-01,5.077682E-01,1.103262E+04,5.834215E+03,5.692329E-01,5.720599E-01
16:40:00,1.817069E+04,1.332524E+04,9.375938E-01,1.306566E+00,1.441088E+04,9.917184E+03,7.436586E-01,9.723370E-01,7.372839E+03,6.375876E+03,3.804702E-01,6.251066E-01,7.313965E+03,5.753302E+03,3.774321E-01,5.640686E-01,7.311261E+03,5.688001E+03,3.772925E-01,5.576667E-01,7.322461E+03,5.656082E+03,3.778706E-01,5.545374E-01,7.322745E+03,5.158251E+03,3.778852E-01,5.057298E-01,7.316117E+03,5.135962E+03,3.775431E-01,5.035447E-01,7.397650E+03,5.167798E+03,3.817506E-01,5.066657E-01,1.103262E+04,5.811030E+03,5.692329E-01,5.697856E-01
16:50:00,1.817069E+04,1.334297E+04,9.375938E-01,1.308303E+00,1.441088E+04,9.893526E+03,7.436586E-01,9.700156E-01,7.372839E+03,6.362120E+03,3.804702E-01,6.237571E-01,7.313965E+03,5.739376E+03,3.774321E-01,5.627025E-01,7.311261E+03,5.674305E+03,3.772925E-01,5.563230E-01,7.322461E+03,5.642649E+03,3.778706E-01,5.532195E-01,7.322745E+03,5.145768E+03,3.778852E-01,5.045051E-01,7.316117E+03,5.123461E+03,3.775431E-01,5.023181E-01,7.397650E+03,5.154785E+03,3.817506E-01,5.053889E-01,1.103262E+04,5.786282E+03,5.692329E-01,5.673582E-01
17:00:00,1.817069E+04,1.335700E+04,9.375938E-01,1.309677E+00,1.441088E+04,9.867663E+03,7.436586E-01,9.674782E-01,7.372839E+03,6.347207E+03,3.804702E-01,6.222944E-01,7.313965E+03,5.724284E+03,3.774321E-01,5.612221E-01,7.311261E+03,5.659434E+03,3.772925E-01,5.548644E-01,7.322461E+03,5.628034E+03,3.778706E-01,5.517860E-01,7.322745E+03,5.132104E+03,3.778852E-01,5.031646E-01,7.316117E+03,5.109777E+03,3.775431E-01,5.009758E-01,7.397650E+03,5.140613E+03,3.817506E-01,5.039987E-01,1.103262E+04,5.760498E+03,5.692329E-01,5.648294E-01
17:10:00,1.817069E+04,1.336758E+04,9.375938E-01,1.310714E+00,1.441088E+04,9.840157E+03,7.436586E-01,9.647801E-01,7.372839E+03,6.331448E+03,3.804702E-01,6.207489E-01,7.313965E+03,5.708336E+03,3.774321E-01,5.596580E-01,7.311261E+03,5.643699E+03,3.772925E-01,5.533211E-01,7.322461E+03,5.612549E+03,3.778706E-01,5.502672E-01,7.322745E+03,5.117561E+03,3.778852E-01,5.017383E-01,7.316117E+03,5.095216E+03,3.775431E-01,4.995475E-01,7.397650E+03,5.125583E+03,3.817506E-01,5.025246E-01,1.103262E+04,5.733886E+03,5.692329E-01,5.622195E-01
17:20:00,1.817069E+04,1.337490E+04,9.375938E-01,1.311430E+00,1.441088E+04,9.811438E+03,7.436586E-01,9.619633E-01,7.372839E+03,6.315078E+03,3.804702E-01,6.191436E-01,7.313965E+03,5.691765E+03,3.774321E-01,5.580329E-01,7.311261E+03,5.627332E+03,3.772925E-01,5.517159E-01,7.322461E+03,5.596426E+03,3.778706E-01,5.486860E-01,7.322745E+03,5.102368E+03,3.778852E-01,5.002481E-01,7.316117E+03,5.080002E+03,3.775431E-01,4.980554E-01,7.397650E+03,5.109917E+03,3.817506E-01,5.009881E-01,1.103262E+04,5.706584E+03,5.692329E-01,5.595420E-01
17:30:00,1.817069E+04,1.337442E+04,9.375938E-01,1.311382E+00,1.441088E+04,9.777435E+03,7.436586E-01,9.586286E-01,7.372839E+03,6.296034E+03,3.804702E-01,6.172762E-01,7.313965E+03,5.672551E+03,3.774321E-01,5.561488E-01,7.311261E+03,5.608315E+03,3.772925E-01,5.498512E-01,7.322461E+03,5.577649E+03,3.778706E-01,5.468448E-01,7.322745E+03,5.084532E+03,3.778852E-01,4.984991E-01,7.316117E+03,5.062146E+03,3.775431E-01,4.963044E-01,7.397650E+03,5.091620E+03,3.817506E-01,4.991939E-01,1.103262E+04,5.676491E+03,5.692329E-01,5.565910E-01
17:40:00,1.817069E+04,1.336503E+04,9.375938E-01,1.310461E+00,1.441088E+04,9.737338E+03,7.436586E-01,9.546963E-01,7.372839E+03,6.273864E+03,3.804702E-01,6.151023E-01,7.313965E+03,5.650260E+03,3.774321E-01,5.539630E-01,7.311261E+03,5.586219E+03,3.772925E-01,5.476845E-01,7.322461E+03,5.555786E+03,3.778706E-01,5.447009E-01,7.322745E+03,5.063629E+03,3.778852E-01,4.964493E-01,7.316117E+03,5.041226E+03,3.775431E-01,4.942529E-01,7.397650E+03,5.070266E+03,3.817506E-01,4.970998E-01,1.103262E+04,5.643114E+03,5.692329E-01,5.533179E-01
17:50:00,1.817069E+04,1.334607E+04,9.375938E-01,1.308601E+00,1.441088E+04,9.690783E+03,7.436586E-01,9.501309E-01,7.372839E+03,6.248338E+03,3.804702E-01,6.125993E-01,7.313965E+03,5.624676E+03,3.774321E-01,5.514543E-01,7.311261E+03,5.560827E+03,3.772925E-01,5.451946E-01,7.322461E+03,5.530620E+03,3.778706E-01,5.422332E-01,7.322745E+03,5.039446E+03,3.778852E-01,4.940779E-01,7.316117E+03,5.017030E+03,3.775431E-01,4.918802E-01,7.397650E+03,5.045639E+03,3.817506E-01,4.946849E-01,1.103262E+04,5.606191E+03,5.692329E-01,5.496970E-01
18:00:00,1.817069E+04,1.331687E+04,9.375938E-01,1.305736E+00,1.441088E+04,9.637393E+03,7.436586E-01,9.448951E-01,7.372839E+03,6.219225E+03,3.804702E-01,6.097446E-01,7.313965E+03,5.595580E+03,3.774321E-01,5.486012E-01,7.311261E+03,5.531921E+03,3.772925E-01,5.423602E-01,7.322461E+03,5.501933E+03,3.778706E-01,5.394201E-01,7.322745E+03,5.011767E+03,3.778852E-01,4.913636E-01,7.316117E+03,4.989345E+03,3.775431E-01,4.891654E-01,7.397650E+03,5.017523E+03,3.817506E-01,4.919278E-01,1.103262E+04,5.565469E+03,5.692329E-01,5.457036E-01
18:10:00,1.817069E+04,1.327535E+04,9.375938E-01,1.301663E+00,1.441088E+04,9.575598E+03,7.436586E-01,9.388352E-01,7.372839E+03,6.185701E+03,3.804702E-01,6.064573E-01,7.313965E+03,5.562163E+03,3.774321E-01,5.453244E-01,7.311261E+03,5.498694E+03,3.772925E-01,5.391020E-01,7.322461E+03,5.468914E+03,3.778706E-01,5.361824E-01,7.322745E+03,4.979787E+03,3.778852E-01,4.882277E-01,7.316117E+03,4.957368E+03,3.775431E-01,4.860297E-01,7.397650E+03,4.985111E+03,3.817506E-01,4.887496E-01,1.103262E+04,5.519931E+03,5.692329E-01,5.412378E-01
18:20:00,1.817069E+04,1.322040E+04,9.375938E-01,1.296273E+00,1.441088E+04,9.504647E+03,7.436586E-01,9.318774E-01,7.372839E+03,6.147335E+03,3.804702E-01,6.026953E-01,7.313965E+03,5.524011E+03,3.774321E-01,5.415833E-01,7.311261E+03,5.460732E+03,3.772925E-01,5.353795E-01,7.322461E+03,5.431150E+03,3.778706E-01,5.324793E-01,7.322745E+03,4.943101E+03,3.778852E-01,4.846303E-01,7.316117E+03,4.920695E+03,3.775431E-01,4.824335E-01,7.397650E+03,4.947997E+03,3.817506E-01,4.851101E-01,1.103262E+04,5.469138E+03,5.692329E-01,5.362567E-01
18:30:00,1.817069E+04,1.315093E+04,9.375938E-01,1.289460E+00,1.441088E+04,9.423836E+03,7.436586E-01,9.239527E-01,7.372839E+03,6.103729E+03,3.804702E-01,5.984195E-01,7.313965E+03,5.480740E+03,3.774321E-01,5.373403E-01,7.311261E+03,5.417655E+03,3.772925E-01,5.311554E-01,7.322461E+03,5.388259E+03,3.778706E-01,5.282735E-01,7.322745E+03,4.901334E+03,3.778852E-01,4.805346E-01,7.316117E+03,4.878951E+03,3.775431E-01,4.783401E-01,7.397650E+03,4.905802E+03,3.817506E-01,4.809726E-01,1.103262E+04,5.412695E+03,5.692329E-01,5.307215E-01
18:40:00,1.817069E+04,1.306477E+04,9.375938E-01,1.281009E+00,1.441088E+04,9.331481E+03,7.436586E-01,9.148960E-01,7.372839E+03,6.053982E+03,3.804702E-01,5.935414E-01,7.313965E+03,5.431480E+03,3.774321E-01,5.325099E-01,7.311261E+03,5.368592E+03,3.772925E-01,5.263444E-01,7.322461E+03,5.339371E+03,3.778706E-01,5.234796E-01,7.322745E+03,4.853629E+03,3.778852E-01,4.758566E-01,7.316117E+03,4.831283E+03,3.775431E-01,4.736659E-01,7.397650E+03,4.857673E+03,3.817506E-01,4.762530E-01,1.103262E+04,5.349718E+03,5.692329E-01,5.245454E-01
18:50:00,1.817069E+04,1.296171E+04,9.375938E-01,1.270902E+00,1.441088E+04,9.227839E+03,7.436586E-01,9.047325E-01,7.372839E+03,5.998166E+03,3.804702E-01,5.880683E-01,7.313965E+03,5.376320E+03,3.774321E-01,5.271011E-01,7.311261E+03,5.313634E+03,3.772925E-01,5.209554E-01,7.322461E+03,5.284575E+03,3.778706E-01,5.181064E-01,7.322745E+03,4.800084E+03,3.778852E-01,4.706061E-01,7.316117E+03,4.777790E+03,3.775431E-01,4.684203E-01,7.397650E+03,4.803706E+03,3.817506E-01,4.709611E-01,1.103262E+04,5.280278E+03,5.692329E-01,5.177354E-01
19:00:00,1.817069E+04,1.284258E+04,9.375938E-01,1.259218E+00,1.441088E+04,9.114214E+03,7.436586E-01,8.935900E-01,7.372839E+03,5.936899E+03,3.804702E-01,5.820606E-01,7.313965E+03,5.315886E+03,3.774321E-01,5.211750E-01,7.311261E+03,5.253407E+03,3.772925E-01,5.150497E-01,7.322461E+03,5.224497E+03,3.778706E-01,5.122153E-01,7.322745E+03,4.741328E+03,3.778852E-01,4.648446E-01,7.316117E+03,4.719101E+03,3.775431E-01,4.626654E-01,7.397650E+03,4.744531E+03,3.817506E-01,4.651585E-01,1.103262E+04,5.204969E+03,5.692329E-01,5.103500E-01
19:10:00,1.817069E+04,1.271531E+04,9.375938E-01,1.246736E+00,1.441088E+04,8.998278E+03,7.436586E-01,8.822209E-01,7.372839E+03,5.874078E+03,3.804702E-01,5.759007E-01,7.313965E+03,5.254031E+03,3.774321E-01,5.151097E-01,7.311261E+03,5.191761E+03,3.772925E-01,5.090048E-01,7.322461E+03,5.162984E+03,3.778706E-01,5.061835E-01,7.322745E+03,4.681174E+03,3.778852E-01,4.589458E-01,7.316117E+03,4.659026E+03,3.775431E-01,4.567745E-01,7.397650E+03,4.683958E+03,3.817506E-01,4.592187E-01,1.103262E+04,5.128125E+03,5.692329E-01,5.028140E-01
19:20:00,1.817069E+04,1.258229E+04,9.375938E-01,1.233690E+00,1.441088E+04,8.882858E+03,7.436586E-01,8.709027E-01,7.372839E+03,5.811234E+03,3.804702E-01,5.697386E-01,7.313965E+03,5.192249E+03,3.774321E-01,5.090518E-01,7.311261E+03,5.130184E+03,3.772925E-01,5.029669E-01,7.322461E+03,5.101527E+03,3.778706E-01,5.001574E-01,7.322745E+03,4.621076E+03,3.778852E-01,4.530529E-01,7.316117E+03,4.599016E+03,3.775431E-01,4.508901E-01,7.397650E+03,4.623440E+03,3.817506E-01,4.532846E-01,1.103262E+04,5.051156E+03,5.692329E-01,4.952659E-01
19:30:00,1.817069E+04,1.244441E+04,9.375938E-01,1.220168E+00,1.441088E+04,8.769423E+03,7.436586E-01,8.597796E-01,7.372839E+03,5.749192E+03,3.804702E-01,5.636554E-01,7.313965E+03,5.131356E+03,3.774321E-01,5.030811E-01,7.311261E+03,5.069491E+03,3.772925E-01,4.970159E-01,7.322461E+03,5.040942E+03,3.778706E-01,4.942170E-01,7.322745E+03,4.561841E+03,3.778852E-01,4.472447E-01,7.316117E+03,4.539871E+03,3.775431E-01,4.450908E-01,7.397650E+03,4.563777E+03,3.817506E-01,4.474344E-01,1.103262E+04,4.974787E+03,5.692329E-01,4.877770E-01
19:40:00,1.817069E+04,1.230350E+04,9.375938E-01,1.206350E+00,1.441088E+04,8.660277E+03,7.436586E-01,8.490776E-01,7.372839E+03,5.689191E+03,3.804702E-01,5.577726E-01,7.313965E+03,5.072575E+03,3.774321E-01,4.973178E-01,7.311261E+03,5.010903E+03,3.772925E-01,4.912715E-01,7.322461E+03,4.982453E+03,3.778706E-01,4.884822E-01,7.322745E+03,4.504676E+03,3.778852E-01,4.416398E-01,7.316117E+03,4.482796E+03,3.775431E-01,4.394946E-01,7.397650E+03,4.506170E+03,3.817506E-01,4.417862E-01,1.103262E+04,4.900168E+03,5.692329E-01,4.804598E-01
19:50:00,1.817069E+04,1.215964E+04,9.375938E-01,1.192244E+00,1.441088E+04,8.555803E+03,7.436586E-01,8.388340E-01,7.372839E+03,5.631497E+03,3.804702E-01,5.521161E-01,7.313965E+03,5.016169E+03,3.774321E-01,4.917876E-01,7.311261E+03,4.954683E+03,3.772925E-01,4.857594E-01,7.322461E+03,4.926325E+03,3.778706E-01,4.829792E-01,7.322745E+03,4.449840E+03,3.778852E-01,4.362633E-01,7.316117E+03,4.428045E+03,3.775431E-01,4.341266E-01,7.397650E+03,4.450872E+03,3.817506E-01,4.363644E-01,1.103262E+04,4.827520E+03,5.692329E-01,4.733362E-01
20:00:00,1.817069E+04,1.201228E+04,9.375938E-01,1.177794E+00,1.441088E+04,8.455415E+03,7.436586E-01,8.289914E-01,7.372839E+03,5.575864E+03,3.804702E-01,5.466618E-01,7.313965E+03,4.961899E+03,3.774321E-01,4.864669E-01,7.311261E+03,4.900592E+03,3.772925E-01,4.804563E-01,7.322461E+03,4.872320E+03,3.778706E-01,4.776845E-01,7.322745E+03,4.397091E+03,3.778852E-01,4.310917E-01,7.316117E+03,4.375377E+03,3.775431E-01,4.289628E-01,7.397650E+03,4.397637E+03,3.817506E-01,4.311452E-01,1.103262E+04,4.756608E+03,5.692329E-01,4.663830E-01
20:10:00,1.817069E+04,1.185735E+04,9.375938E-01,1.162601E+00,1.441088E+04,8.354903E+03,7.436586E-01,8.191368E-01,7.372839E+03,5.520149E+03,3.804702E-01,5.411996E-01,7.313965E+03,4.907671E+03,3.774321E-01,4.811505E-01,7.311261E+03,4.846540E+03,3.772925E-01,4.751571E-01,7.322461E+03,4.818353E+03,3.778706E-01,4.723936E-01,7.322745E+03,4.344372E+03,3.778852E-01,4.259231E-01,7.316117E+03,4.322733E+03,3.775431E-01,4.238016E-01,7.397650E+03,4.344404E+03,3.817506E-01,4.259261E-01,1.103262E+04,4.685290E+03,5.692329E-01,4.593900E-01
20:20:00,1.817069E+04,1.169421E+04,9.375938E-01,1.146604E+00,1.441088E+04,8.252854E+03,7.436586E-01,8.091315E-01,7.372839E+03,5.463572E+03,3.804702E-01,5.356529E-01,7.313965E+03,4.852743E+03,3.774321E-01,4.757653E-01,7.311261E+03,4.791789E+03,3.772925E-01,4.697893E-01,7.322461E+03,4.763683E+03,3.778706E-01,4.670338E-01,7.322745E+03,4.290969E+03,3.778852E-01,4.206874E-01,7.316117E+03,4.269405E+03,3.775431E-01,4.185732E-01,7.397650E+03,4.290461E+03,3.817506E-01,4.206375E-01,1.103262E+04,4.612955E+03,5.692329E-01,4.522973E-01
20:30:00,1.817069E+04,1.152424E+04,9.375938E-01,1.129937E+00,1.441088E+04,8.149313E+03,7.436586E-01,7.989797E-01,7.372839E+03,5.406110E+03,3.804702E-01,5.300192E-01,7.313965E+03,4.797096E+03,3.774321E-01,4.703096E-01,7.311261E+03,4.736323E+03,3.772925E-01,4.643513E-01,7.322461E+03,4.708294E+03,3.778706E-01,4.616034E-01,7.322745E+03,4.236868E+03,3.778852E-01,4.153833E-01,7.316117E+03,4.215380E+03,3.775431E-01,4.132765E-01,7.397650E+03,4.235795E+03,3.817506E-01,4.152780E-01,1.103262E+04,4.539741E+03,5.692329E-01,4.451182E-01
20:40:00,1.817069E+04,1.134937E+04,9.375938E-01,1.112789E+00,1.441088E+04,8.044630E+03,7.436586E-01,7.887159E-01,7.372839E+03,5.347917E+03,3.804702E-01,5.243139E-01,7.313965E+03,4.740878E+03,3.774321E-01,4.647978E-01,7.311261E+03,4.680289E+03,3.772925E-01,4.588576E-01,7.322461E+03,4.652332E+03,3.778706E-01,4.561167E-01,7.322745E+03,4.182215E+03,3.778852E-01,4.100249E-01,7.316117E+03,4.160805E+03,3.775431E-01,4.079259E-01,7.397650E+03,4.180557E+03,3.817506E-01,4.098622E-01,1.103262E+04,4.465962E+03,5.692329E-01,4.378839E-01
20:50:00,1.817069E+04,1.117176E+04,9.375938E-01,1.095373E+00,1.441088E+04,7.939313E+03,7.436586E-01,7.783898E-01,7.372839E+03,5.289249E+03,3.804702E-01,5.185619E-01,7.313965E+03,4.684328E+03,3.774321E-01,4.592535E-01,7.311261E+03,4.623926E+03,3.772925E-01,4.533317E-01,7.322461E+03,4.596035E+03,3.778706E-01,4.505972E-01,7.322745E+03,4.127244E+03,3.778852E-01,4.046354E-01,7.316117E+03,4.105916E+03,3.775431E-01,4.025443E-01,7.397650E+03,4.124983E+03,3.817506E-01,4.044136E-01,1.103262E+04,4.392021E+03,5.692329E-01,4.306335E-01
21:00:00,1.817069E+04,1.099350E+04,9.375938E-01,1.077893E+00,1.441088E+04,7.833947E+03,7.436586E-01,7.680590E-01,7.372839E+03,5.230414E+03,3.804702E-01,5.127936E-01,7.313965E+03,4.627733E+03,3.774321E-01,4.537048E-01,7.311261E+03,4.567522E+03,3.772925E-01,4.478016E-01,7.322461E+03,4.539688E+03,3.778706E-01,4.450728E-01,7.322745E+03,4.072237E+03,3.778852E-01,3.992422E-01,7.316117E+03,4.050992E+03,3.775431E-01,3.971594E-01,7.397650E+03,4.069361E+03,3.817506E-01,3.989602E-01,1.103262E+04,4.318345E+03,5.692329E-01,4.234091E-01
21:10:00,1.817069E+04,9.086436E+03,9.375938E-01,8.909081E-01,1.441088E+04,6.484241E+03,7.436586E-01,6.357304E-01,7.372839E+03,4.334093E+03,3.804702E-01,4.249176E-01,7.313965E+03,3.832792E+03,3.774321E-01,3.757684E-01,7.311261E+03,3.782695E+03,3.772925E-01,3.708568E-01,7.322461E+03,3.759525E+03,3.778706E-01,3.685852E-01,7.322745E+03,3.370540E+03,3.778852E-01,3.304478E-01,7.316117E+03,3.352872E+03,3.775431E-01,3.287156E-01,7.397650E+03,3.367887E+03,3.817506E-01,3.301876E-01,1.103262E+04,3.567797E+03,5.692329E-01,3.498185E-01
21:20:00,1.817069E+04,7.209165E+03,9.375938E-01,7.068446E-01,1.441088E+04,5.152033E+03,7.436586E-01,5.051174E-01,7.372839E+03,3.447512E+03,3.804702E-01,3.379965E-01,7.313965E+03,3.047244E+03,3.774321E-01,2.987530E-01,7.311261E+03,3.007231E+03,3.772925E-01,2.948300E-01,7.322461E+03,2.988713E+03,3.778706E-01,2.930145E-01,7.322745E+03,2.677975E+03,3.778852E-01,2.625486E-01,7.316117E+03,2.663869E+03,3.775431E-01,2.611657E-01,7.397650E+03,2.675645E+03,3.817506E-01,2.623201E-01,1.103262E+04,2.829569E+03,5.692329E-01,2.774359E-01
21:30:00,1.817069E+04,5.362032E+03,9.375938E-01,5.257364E-01,1.441088E+04,3.837493E+03,7.436586E-01,3.762366E-01,7.372839E+03,2.570786E+03,3.804702E-01,2.520416E-01,7.313965E+03,2.271181E+03,3.774321E-01,2.226674E-01,7.311261E+03,2.241220E+03,3.772925E-01,2.197300E-01,7.322461E+03,2.227344E+03,3.778706E-01,2.183695E-01,7.322745E+03,1.994629E+03,3.778852E-01,1.955533E-01,7.316117E+03,1.984072E+03,3.775431E-01,1.945183E-01,7.397650E+03,1.992724E+03,3.817506E-01,1.953665E-01,1.103262E+04,2.103722E+03,5.692329E-01,2.062673E-01
21:40:00,1.817069E+04,3.545026E+03,9.375938E-01,3.475825E-01,1.441088E+04,2.540681E+03,7.436586E-01,2.490941E-01,7.372839E+03,1.703968E+03,3.804702E-01,1.670581E-01,7.313965E+03,1.504637E+03,3.774321E-01,1.475152E-01,7.311261E+03,1.484696E+03,3.772925E-01,1.455601E-01,7.322461E+03,1.475453E+03,3.778706E-01,1.446538E-01,7.322745E+03,1.320535E+03,3.778852E-01,1.294652E-01,7.316117E+03,1.313512E+03,3.775431E-01,1.287767E-01,7.397650E+03,1.319160E+03,3.817506E-01,1.293304E-01,1.103262E+04,1.390242E+03,5.692329E-01,1.363114E-01
21:50:00,1.817069E+04,1.757854E+03,9.375938E-01,1.723538E-01,1.441088E+04,1.261559E+03,7.436586E-01,1.236860E-01,7.372839E+03,8.470565E+02,3.804702E-01,8.304597E-02,7.313965E+03,7.475975E+02,3.774321E-01,7.329469E-02,7.311261E+03,7.376430E+02,3.772925E-01,7.231874E-02,7.322461E+03,7.330247E+02,3.778706E-01,7.186596E-02,7.322745E+03,6.556794E+02,3.778852E-01,6.428274E-02,7.316117E+03,6.521756E+02,3.775431E-01,6.393923E-02,7.397650E+03,6.549393E+02,3.817506E-01,6.421016E-02,1.103262E+04,6.890474E+02,5.692329E-01,6.756015E-02
22:00:00,1.817069E+04,0.000000E+00,9.375938E-01,0.000000E+00,1.441088E+04,0.000000E+00,7.436586E-01,0.000000E+00,7.372839E+03,0.000000E+00,3.804702E-01,0.000000E+00,7.313965E+03,0.000000E+00,3.774321E-01,0.000000E+00,7.311261E+03,0.000000E+00,3.772925E-01,0.000000E+00,7.322461E+03,0.000000E+00,3.778706E-01,0.000000E+00,7.322745E+03,0.000000E+00,3.778852E-01,0.000000E+00,7.316117E+03,0.000000E+00,3.775431E-01,0.000000E+00,7.397650E+03,0.000000E+00,3.817506E-01,0.000000E+00,1.103262E+04,0.000000E+00,5.692329E-01,0.000000E+00
22:10:00,1.817069E+04,0.000000E+00,9.375938E-01,0.000000E+00,1.441088E+04,0.000000E+00,7.436586E-01,0.000000E+00,7.372839E+03,0.000000E+00,3.804702E-01,0.000000E+00,7.313965E+03,0.000000E+00,3.774321E-01,0.000000E+00,7.311261E+03,0.000000E+00,3.772925E-01,0.000000E+00,7.322461E+03,0.000000E+00,3.778706E-01,0.000000E+00,7.322745E+03,0.000000E+00,3.778852E-01,0.000000E+00,7.316117E+03,0.000000E+00,3.775431E-01,0.000000E+00,7.397650E+03,0.000000E+00,3.817506E-01,0.000000E+00,1.103262E+04,0.000000E+00,5.692329E-01,0.000000E+00
22:20:00,1.817069E+04,0.000000E+00,9.375938E-01,0.000000E+00,1.441088E+04,0.000000E+00,7.436586E-01,0.000000E+00,7.372839E+03,0.000000E+00,3.804702E-01,0.000000E+00,7.313965E+03,0.000000E+00,3.774321E-01,0.000000E+00,7.311261E+03,0.000000E+00,3.772925E-01,0.000000E+00,7.322461E+03,0.000000E+00,3.778706E-01,0.000000E+00,7.322745E+03,0.000000E+00,3.778852E-01,0.000000E+00,7.316117E+03,0.000000E+00,3.775431E-01,0.000000E+00,7.397650E+03,0.000000E+00,3.817506E-01,0.000000E+00,1.103262E+04,0.000000E+00,5.692329E-01,0.000000E+00
22:30:00,1.817069E+04,0.000000E+00,9.375938E-01,0.000000E+00,1.441088E+04,0.000000E+00,7.436586E-01,0.000000E+00,7.372839E+03,0.000000E+00,3.804702E-01,0.000000E+00,7.313965E+03,0.000000E+00,3.774321E-01,0.000000E+00,7.311261E+03,0.000000E+00,3.772925E-01,0.000000E+00,7.322461E+03,0.000000E+00,3.778706E-01,0.000000E+00,7.322745E+03,0.000000E+00,3.778852E-01,0.000000E+00,7.316117E+03,0.000000E+00,3.775431E-01,0.000000E+00,7.397650E+03,0.000000E+00,3.817506E-01,0.000000E+00,1.103262E+04,0.000000E+00,5.692329E-01,0.000000E+00
22:40:00,1.817069E+04,0.000000E+00,9.375938E-01,0.000000E+00,1.441088E+04,0.000000E+00,7.436586E-01,0.000000E+00,7.372839E+03,0.000000E+00,3.804702E-01,0.000000E+00,7.313965E+03,0.000000E+00,3.774321E-01,0.000000E+00,7.311261E+03,0.000000E+00,3.772925E-01,0.000000E+00,7.322461E+03,0.000000E+00,3.778706E-01,0.000000E+00,7.322745E+03,0.000000E+00,3.778852E-01,0.000000E+00,7.316117E+03,0.000000E+00,3.775431E-01,0.000000E+00,7.397650E+03,0.000000E+00,3.817506E-01,0.000000E+00,1.103262E+04,0.000000E+00,5.692329E-01,0.000000E+00
22:50:00,1.817069E+04,0.000000E+00,9.375938E-01,0.000000E+00,1.441088E+04,0.000000E+00,7.436586E-01,0.000000E+00,7.372839E+03,0.000000E+00,3.804702E-01,0.000000E+00,7.313965E+03,0.000000E+00,3.774321E-01,0.000000E+00,7.311261E+03,0.000000E+00,3.772925E-01,0.000000E+00,7.322461E+03,0.000000E+00,3.778706E-01,0.000000E+00,7.322745E+03,0.000000E+00,3.778852E-01,0.000000E+00,7.316117E+03,0.000000E+00,3.775431E-01,0.000000E+00,7.397650E+03,0.000000E+00,3.817506E-01,0.000000E+00,1.103262E+04,0.000000E+00,5.692329E-01,0.000000E+00
23:00:00,1.817069E+04,0.000000E+00,9.375938E-01,0.000000E+00,1.441088E+04,0.000000E+00,7.436586E-01,0.000000E+00,7.372839E+03,0.000000E+00,3.804702E-01,0.000000E+00,7.313965E+03,0.000000E+00,3.774321E-01,0.000000E+00,7.311261E+03,0.000000E+00,3.772925E-01,0.000000E+00,7.322461E+03,0.000000E+00,3.778706E-01,0.000000E+00,7.322745E+03,0.000000E+00,3.778852E-01,0.000000E+00,7.316117E+03,0.000000E+00,3.775431E-01,0.000000E+00,7.397650E+03,0.000000E+00,3.817506E-01,0.000000E+00,1.103262E+04,0.000000E+00,5.692329E-01,0.000000E+00
23:10:00,1.817069E+04,0.000000E+00,9.375938E-01,0.000000E+00,1.441088E+04,0.000000E+00,7.436586E-01,0.000000E+00,7.372839E+03,0.000000E+00,3.804702E-01,0.000000E+00,7.313965E+03,0.000000E+00,3.774321E-01,0.000000E+00,7.311261E+03,0.000000E+00,3.772925E-01,0.000000E+00,7.322461E+03,0.000000E+00,3.778706E-01,0.000000E+00,7.322745E+03,0.000000E+00,3.778852E-01,0.000000E+00,7.316117E+03,0.000000E+00,3.775431E-01,0.000000E+00,7.397650E+03,0.000000E+00,3.817506E-01,0.000000E+00,1.103262E+04,0.000000E+00,5.692329E-01,0.000000E+00
23:20:00,1.817069E+04,0.000000E+00,9.375938E-01,0.000000E+00,1.441088E+04,0.000000E+00,7.436586E-01,0.000000E+00,7.372839E+03,0.000000E+00,3.804702E-01,0.000000E+00,7.313965E+03,0.000000E+00,3.774321E-01,0.000000E+00,7.311261E+03,0.000000E+00,3.772925E-01,0.000000E+00,7.322461E+03,0.000000E+00,3.778706E-01,0.000000E+00,7.322745E+03,0.000000E+00,3.778852E-01,0.000000E+00,7.316117E+03,0.000000E+00,3.775431E-01,0.000000E+00,7.397650E+03,0.000000E+00,3.817506E-01,0.000000E+00,1.103262E+04,0.000000E+00,5.692329E-01,0.000000E+00
23:30:00,1.817069E+04,0.000000E+00,9.375938E-01,0.000000E+00,1.441088E+04,0.000000E+00,7.436586E-01,0.000000E+00,7.372839E+03,0.000000E+00,3.804702E-01,0.000000E+00,7.313965E+03,0.000000E+00,3.774321E-01,0.000000E+00,7.311261E+03,0.000000E+00,3.772925E-01,0.000000E+00,7.322461E+03,0.000000E+00,3.778706E-01,0.000000E+00,7.322745E+03,0.000000E+00,3.778852E-01,0.000000E+00,7.316117E+03,0.000000E+00,3.775431E-01,0.000000E+00,7.397650E+03,0.000000E+00,3.817506E-01,0.000000E+00,1.103262E+04,0.000000E+00,5.692329E-01,0.000000E+00
23:40:00,1.817069E+04,0.000000E+00,9.375938E-01,0.000000E+00,1.441088E+04,0.000000E+00,7.436586E-01,0.000000E+00,7.372839E+03,0.000000E+00,3.804702E-01,0.000000E+00,7.313965E+03,0.000000E+00,3.774321E-01,0.000000E+00,7.311261E+03,0.000000E+00,3.772925E-01,0.000000E+00,7.322461E+03,0.000000E+00,3.778706E-01,0.000000E+00,7.322745E+03,0.000000E+00,3.778852E-01,0.000000E+00,7.316117E+03,0.000000E+00,3.775431E-01,0.000000E+00,7.397650E+03,0.000000E+00,3.817506E-01,0.000000E+00,1.103262E+04,0.000000E+00,5.692329E-01,0.000000E+00
23:50:00,1.817069E+04,0.000000E+00,9.375938E-01,0.000000E+00,1.441088E+04,0.000000E+00,7.436586E-01,0.000000E+00,7.372839E+03,0.000000E+00,3.804702E-01,0.000000E+00,7.313965E+03,0.000000E+00,3.774321E-01,0.000000E+00,7.311261E+03,0.000000E+00,3.772925E-01,0.000000E+00,7.322461E+03,0.000000E+00,3.778706E-01,0.000000E+00,7.322745E+03,0.000000E+00,3.778852E-01,0.000000E+00,7.316117E+03,0.000000E+00,3.775431E-01,0.000000E+00,7.397650E+03,0.000000E+00,3.817506E-01,0.000000E+00,1.103262E+04,0.000000E+00,5.692329E-01,0.000000E+00
24:00:00,1.817069E+04,0.000000E+00,9.375938E-01,0.000000E+00,1.441088E+04,0.000000E+00,7.436586E-01,0.000000E+00,7.372839E+03,0.000000E+00,3.804702E-01,0.000000E+00,7.313965E+03,0.000000E+00,3.774321E-01,0.000000E+00,7.311261E+03,0.000000E+00,3.772925E-01,0.000000E+00,7.322461E+03,0.000000E+00,3.778706E-01,0.000000E+00,7.322745E+03,0.000000E+00,3.778852E-01,0.000000E+00,7.316117E+03,0.000000E+00,3.775431E-01,0.000000E+00,7.397650E+03,0.000000E+00,3.817506E-01,0.000000E+00,1.103262E+04,0.000000E+00,5.692329E-01,0.000000E+00
Peak,1.817069E+04,1.337490E+04,9.375938E-01,1.311430E+00,1.441088E+04,9.962101E+03,7.436586E-01,9.767478E-01,7.372839E+03,6.516155E+03,3.804702E-01,6.072320E-01,7.313965E+03,5.781752E+03,3.774321E-01,5.668620E-01,7.311261E+03,5.715476E+03,3.772925E-01,5.603645E-01,7.322461E+03,5.682480E+03,3.778706E-01,5.571287E-01,7.322745E+03,5.181887E+03,3.778852E-01,5.080505E-01,7.316117E+03,5.159670E+03,3.775431E-01,5.058724E-01,7.397650E+03,5.193206E+03,3.817506E-01,5.091600E-01,1.103262E+04,5.896974E+03,5.692329E-01,5.782176E-01

Peak Vol Flow (m3/s),,,7.973518E-01,1.115271E+00,,,6.324248E-01,8.306493E-01,,,3.235609E-01,5.164044E-01,,,3.209772E-01,4.820727E-01,,,3.208585E-01,4.765472E-01,,,3.213500E-01,4.737953E-01,,,3.213625E-01,4.320581E-01,,,3.210716E-01,4.302058E-01,,,3.246497E-01,4.330017E-01,,,4.840891E-01,4.917298E-01
