Time,FURNACE_PACU_CAV_1:1:DesPer 1:Des Heat Mass Flow [kg/s],FURNACE_PACU_CAV_1:1:DesPer 1:Des Heat Cap [W],FURNACE_PACU_CAV_1:1:DesPer 1:Des Cool Mass Flow [kg/s],FURNACE_PACU_CAV_1:1:DesPer 1:Des Sens Cool Cap [W],FURNACE_PACU_CAV_1:1:DesPer 1:Des Tot Cool Cap [W],FURNACE_PACU_CAV_1:1:DesPer 2:Des Heat Mass Flow [kg/s],FURNACE_PACU_CAV_1:1:DesPer 2:Des Heat Cap [W],FURNACE_PACU_CAV_1:1:DesPer 2:Des Cool Mass Flow [kg/s],FURNACE_PACU_CAV_1:1:DesPer 2:Des Sens Cool Cap [W],FURNACE_PACU_CAV_1:1:DesPer 2:Des Tot Cool Cap [W],FURNACE_PACU_CAV_2:2:DesPer 1:Des Heat Mass Flow [kg/s],FURNACE_PACU_CAV_2:2:DesPer 1:Des Heat Cap [W],FURNACE_PACU_CAV_2:2:DesPer 1:Des Cool Mass Flow [kg/s],FURNACE_PACU_CAV_2:2:DesPer 1:Des Sens Cool Cap [W],FURNACE_PACU_CAV_2:2:DesPer 1:Des Tot Cool Cap [W],FURNACE_PACU_CAV_2:2:DesPer 2:Des Heat Mass Flow [kg/s],FURNACE_PACU_CAV_2:2:DesPer 2:Des Heat Cap [W],FURNACE_PACU_CAV_2:2:DesPer 2:Des Cool Mass Flow [kg/s],FURNACE_PACU_CAV_2:2:DesPer 2:Des Sens Cool Cap [W],FURNACE_PACU_CAV_2:2:DesPer 2:Des Tot Cool Cap [W]
00:10:00,2.471599E+00,4.970515E+04,5.879423E-02,0.000000E+00,0.000000E+00,5.879423E-02,1.044592E+03,5.879423E-02,5.623815E+02,1.902350E+03,1.097741E+01,2.843547E+05,4.096224E-01,0.000000E+00,0.000000E+00,4.096224E-01,7.277721E+03,4.096224E-01,3.918140E+03,1.325377E+04
00:20:00,2.471599E+00,4.970515E+04,5.879423E-02,0.000000E+00,0.000000E+00,5.879423E-02,1.050913E+03,5.879423E-02,5.560599E+02,1.878466E+03,1.097741E+01,2.843547E+05,4.096224E-01,0.000000E+00,0.000000E+00,4.096224E-01,7.321764E+03,4.096224E-01,3.874097E+03,1.308736E+04
00:30:00,2.471599E+00,4.970515E+04,5.879423E-02,0.000000E+00,0.000000E+00,5.879423E-02,1.057235E+03,5.879423E-02,5.497384E+02,1.854689E+03,1.097741E+01,2.843547E+05,4.096224E-01,0.000000E+00,0.000000E+00,4.096224E-01,7.365806E+03,4.096224E-01,3.830055E+03,1.292171E+04
00:40:00,2.471599E+00,4.970515E+04,5.879423E-02,0.000000E+00,0.000000E+00,5.879423E-02,1.063556E+03,5.879423E-02,5.434168E+02,1.831019E+03,1.097741E+01,2.843547E+05,4.096224E-01,0.000000E+00,0.000000E+00,4.096224E-01,7.409849E+03,4.096224E-01,3.786012E+03,1.275680E+04
00:50:00,2.471599E+00,4.970515E+04,5.879423E-02,0.000000E+00,0.000000E+00,5.879423E-02,1.069878E+03,5.879423E-02,5.370953E+02,1.807456E+03,1.097741E+01,2.843547E+05,4.096224E-01,0.000000E+00,0.000000E+00,4.096224E-01,7.453892E+03,4.096224E-01,3.741970E+03,1.259264E+04
01:00:00,2.471599E+00,4.970515E+04,5.879423E-02,0.000000E+00,0.000000E+00,5.879423E-02,1.076199E+03,5.879423E-02,5.307737E+02,1.783998E+03,1.097741E+01,2.843547E+05,4.096224E-01,0.000000E+00,0.000000E+00,4.096224E-01,7.497934E+03,4.096224E-01,3.697927E+03,1.242921E+04
01:10:00,2.471599E+00,4.970515E+04,5.879423E-02,0.000000E+00,0.000000E+00,5.879423E-02,1.080414E+03,5.879423E-02,5.265594E+02,1.768418E+03,1.097741E+01,2.843547E+05,4.096224E-01,0.000000E+00,0.000000E+00,4.096224E-01,7.527296E+03,4.096224E-01,3.668565E+03,1.232066E+04
01:20:00,2.471599E+00,4.970515E+04,5.879423E-02,0.000000E+00,0.000000E+00,5.879423E-02,1.084628E+03,5.879423E-02,5.223450E+02,1.752885E+03,1.097741E+01,2.843547E+05,4.096224E-01,0.000000E+00,0.000000E+00,4.096224E-01,7.556657E+03,4.096224E-01,3.639204E+03,1.221244E+04
01:30:00,2.471599E+00,4.970515E+04,5.879423E-02,0.000000E+00,0.000000E+00,5.879423E-02,1.088842E+03,5.879423E-02,5.181306E+02,1.737398E+03,1.097741E+01,2.843547E+05,4.096224E-01,0.000000E+00,0.000000E+00,4.096224E-01,7.586019E+03,4.096224E-01,3.609842E+03,1.210454E+04
01:40:00,2.471599E+00,4.970515E+04,5.879423E-02,0.000000E+00,0.000000E+00,5.879423E-02,1.093057E+03,5.879423E-02,5.139163E+02,1.721957E+03,1.097741E+01,2.843547E+05,4.096224E-01,0.000000E+00,0.000000E+00,4.096224E-01,7.615381E+03,4.096224E-01,3.580480E+03,1.199696E+04
01:50:00,2.471599E+00,4.970515E+04,5.879423E-02,0.000000E+00,0.000000E+00,5.879423E-02,1.097271E+03,5.879423E-02,5.097019E+02,1.706562E+03,1.097741E+01,2.843547E+05,4.096224E-01,0.000000E+00,0.000000E+00,4.096224E-01,7.644743E+03,4.096224E-01,3.551119E+03,1.188970E+04
02:00:00,2.471599E+00,4.970515E+04,5.879423E-02,0.000000E+00,0.000000E+00,5.879423E-02,1.101485E+03,5.879423E-02,5.054875E+02,1.691213E+03,1.097741E+01,2.843547E+05,4.096224E-01,0.000000E+00,0.000000E+00,4.096224E-01,7.674104E+03,4.096224E-01,3.521757E+03,1.178277E+04
02:10:00,2.471599E+00,4.970515E+04,5.879423E-02,0.000000E+00,0.000000E+00,5.879423E-02,1.104646E+03,5.879423E-02,5.023268E+02,1.679732E+03,1.097741E+01,2.843547E+05,4.096224E-01,0.000000E+00,0.000000E+00,4.096224E-01,7.696126E+03,4.096224E-01,3.499736E+03,1.170277E+04
02:20:00,2.471599E+00,4.970515E+04,5.879423E-02,0.000000E+00,0.000000E+00,5.879423E-02,1.107807E+03,5.879423E-02,4.991660E+02,1.668275E+03,1.097741E+01,2.843547E+05,4.096224E-01,0.000000E+00,0.000000E+00,4.096224E-01,7.718147E+03,4.096224E-01,3.477714E+03,1.162296E+04
02:30:00,2.471599E+00,4.970515E+04,5.879423E-02,0.000000E+00,0.000000E+00,5.879423E-02,1.110968E+03,5.879423E-02,4.960052E+02,1.656845E+03,1.097741E+01,2.843547E+05,4.096224E-01,0.000000E+00,0.000000E+00,4.096224E-01,7.740168E+03,4.096224E-01,3.455693E+03,1.154332E+04
02:40:00,2.471599E+00,4.970515E+04,5.879423E-02,0.000000E+00,0.000000E+00,5.879423E-02,1.114129E+03,5.879423E-02,4.928445E+02,1.645440E+03,1.097741E+01,2.843547E+05,4.096224E-01,0.000000E+00,0.000000E+00,4.096224E-01,7.762189E+03,4.096224E-01,3.433672E+03,1.146386E+04
02:50:00,2.471599E+00,4.970515E+04,5.879423E-02,0.000000E+00,0.000000E+00,5.879423E-02,1.117289E+03,5.879423E-02,4.896837E+02,1.634060E+03,1.097741E+01,2.843547E+05,4.096224E-01,0.000000E+00,0.000000E+00,4.096224E-01,7.784211E+03,4.096224E-01,3.411651E+03,1.138458E+04
03:00:00,2.471599E+00,4.970515E+04,5.879423E-02,0.000000E+00,0.000000E+00,5.879423E-02,1.120450E+03,5.879423E-02,4.865229E+02,1.622706E+03,1.097741E+01,2.843547E+05,4.096224E-01,0.000000E+00,0.000000E+00,4.096224E-01,7.806232E+03,4.096224E-01,3.389629E+03,1.130547E+04
03:10:00,2.471599E+00,4.970515E+04,5.879423E-02,0.000000E+00,0.000000E+00,5.879423E-02,1.123611E+03,5.879423E-02,4.833621E+02,1.611377E+03,1.097741E+01,2.843547E+05,4.096224E-01,0.000000E+00,0.000000E+00,4.096224E-01,7.828253E+03,4.096224E-01,3.367608E+03,1.122654E+04
03:20:00,2.471599E+00,4.970515E+04,5.879423E-02,0.000000E+00,0.000000E+00,5.879423E-02,1.126772E+03,5.879423E-02,4.802014E+02,1.600073E+03,1.097741E+01,2.843547E+05,4.096224E-01,0.000000E+00,0.000000E+00,4.096224E-01,7.850274E+03,4.096224E-01,3.345587E+03,1.114779E+04
03:30:00,2.471599E+00,4.970515E+04,5.879423E-02,0.000000E+00,0.000000E+00,5.879423E-02,1.129932E+03,5.879423E-02,4.770406E+02,1.588794E+03,1.097741E+01,2.843547E+05,4.096224E-01,0.000000E+00,0.000000E+00,4.096224E-01,7.872296E+03,4.096224E-01,3.323565E+03,1.106921E+04
03:40:00,2.471599E+00,4.970515E+04,5.879423E-02,0.000000E+00,0.000000E+00,5.879423E-02,1.133093E+03,5.879423E-02,4.738798E+02,1.577540E+03,1.097741E+01,2.843547E+05,4.096224E-01,0.000000E+00,0.000000E+00,4.096224E-01,7.894317E+03,4.096224E-01,3.301544E+03,1.099080E+04
03:50:00,2.471599E+00,4.970515E+04,5.879423E-02,0.000000E+00,0.000000E+00,5.879423E-02,1.136254E+03,5.879423E-02,4.707190E+02,1.566311E+03,1.097741E+01,2.843547E+05,4.096224E-01,0.000000E+00,0.000000E+00,4.096224E-01,7.916338E+03,4.096224E-01,3.279523E+03,1.091257E+04
04:00:00,2.471599E+00,4.970515E+04,5.879423E-02,0.000000E+00,0.000000E+00,5.879423E-02,1.139415E+03,5.879423E-02,4.675583E+02,1.555108E+03,1.097741E+01,2.843547E+05,4.096224E-01,0.000000E+00,0.000000E+00,4.096224E-01,7.938360E+03,4.096224E-01,3.257502E+03,1.083451E+04
04:10:00,2.471599E+00,4.970515E+04,5.879423E-02,0.000000E+00,0.000000E+00,5.879423E-02,1.141522E+03,5.879423E-02,4.654511E+02,1.547652E+03,1.097741E+01,2.843547E+05,4.096224E-01,0.000000E+00,0.000000E+00,4.096224E-01,7.953040E+03,4.096224E-01,3.242821E+03,1.078257E+04
04:20:00,2.471599E+00,4.970515E+04,5.879423E-02,0.000000E+00,0.000000E+00,5.879423E-02,1.143629E+03,5.879423E-02,4.633439E+02,1.540208E+03,1.097741E+01,2.843547E+05,4.096224E-01,0.000000E+00,0.000000E+00,4.096224E-01,7.967721E+03,4.096224E-01,3.228140E+03,1.073070E+04
04:30:00,2.471599E+00,4.970515E+04,5.879423E-02,0.000000E+00,0.000000E+00,5.879423E-02,1.145736E+03,5.879423E-02,4.612367E+02,1.532774E+03,1.097741E+01,2.843547E+05,4.096224E-01,0.000000E+00,0.000000E+00,4.096224E-01,7.982402E+03,4.096224E-01,3.213459E+03,1.067891E+04
04:40:00,2.471599E+00,4.970515E+04,5.879423E-02,0.000000E+00,0.000000E+00,5.879423E-02,1.147844E+03,5.879423E-02,4.591295E+02,1.525352E+03,1.097741E+01,2.843547E+05,4.096224E-01,0.000000E+00,0.000000E+00,4.096224E-01,7.997083E+03,4.096224E-01,3.198778E+03,1.062720E+04
04:50:00,2.471599E+00,4.970515E+04,5.879423E-02,0.000000E+00,0.000000E+00,5.879423E-02,1.149951E+03,5.879423E-02,4.570223E+02,1.517940E+03,1.097741E+01,2.843547E+05,4.096224E-01,0.000000E+00,0.000000E+00,4.096224E-01,8.011764E+03,4.096224E-01,3.184097E+03,1.057557E+04
05:00:00,2.471599E+00,4.970515E+04,5.879423E-02,0.000000E+00,0.000000E+00,5.879423E-02,1.152058E+03,5.879423E-02,4.549152E+02,1.510540E+03,1.097741E+01,2.843547E+05,4.096224E-01,0.000000E+00,0.000000E+00,4.096224E-01,8.026445E+03,4.096224E-01,3.169417E+03,1.052401E+04
05:10:00,2.471599E+00,4.970515E+04,5.879423E-02,0.000000E+00,0.000000E+00,5.879423E-02,1.149951E+03,5.879423E-02,4.570223E+02,1.517940E+03,1.097741E+01,2.843547E+05,4.096224E-01,0.000000E+00,0.000000E+00,4.096224E-01,8.011764E+03,4.096224E-01,3.184097E+03,1.057557E+04
05:20:00,2.471599E+00,4.970515E+04,5.879423E-02,0.000000E+00,0.000000E+00,5.879423E-02,1.147844E+03,5.879423E-02,4.591295E+02,1.525352E+03,1.097741E+01,2.843547E+05,4.096224E-01,0.000000E+00,0.000000E+00,4.096224E-01,7.997083E+03,4.096224E-01,3.198778E+03,1.062720E+04
05:30:00,2.471599E+00,4.970515E+04,5.879423E-02,0.000000E+00,0.000000E+00,5.879423E-02,1.145736E+03,5.879423E-02,4.612367E+02,1.532774E+03,1.097741E+01,2.843547E+05,4.096224E-01,0.000000E+00,0.000000E+00,4.096224E-01,7.982402E+03,4.096224E-01,3.213459E+03,1.067891E+04
05:40:00,2.471599E+00,4.970515E+04,5.879423E-02,0.000000E+00,0.000000E+00,5.879423E-02,1.143629E+03,5.879423E-02,4.633439E+02,1.540208E+03,1.097741E+01,2.843547E+05,4.096224E-01,0.000000E+00,0.000000E+00,4.096224E-01,7.967721E+03,4.096224E-01,3.228140E+03,1.073070E+04
05:50:00,2.471599E+00,4.970515E+04,5.879423E-02,0.000000E+00,0.000000E+00,5.879423E-02,1.141522E+03,5.879423E-02,4.654511E+02,1.547652E+03,1.097741E+01,2.843547E+05,4.096224E-01,0.000000E+00,0.000000E+00,4.096224E-01,7.953040E+03,4.096224E-01,3.242821E+03,1.078257E+04
06:00:00,2.471599E+00,4.970515E+04,5.879423E-02,0.000000E+00,0.000000E+00,5.879423E-02,1.139415E+03,5.879423E-02,4.675583E+02,1.555108E+03,1.097741E+01,2.843547E+05,4.096224E-01,0.000000E+00,0.000000E+00,4.096224E-01,7.938360E+03,4.096224E-01,3.257502E+03,1.083451E+04
06:10:00,2.471599E+00,4.970515E+04,5.879423E-02,0.000000E+00,0.000000E+00,5.879423E-02,1.132040E+03,5.879423E-02,4.749334E+02,1.581289E+03,1.097741E+01,2.843547E+05,4.096224E-01,0.000000E+00,0.000000E+00,4.096224E-01,7.886977E+03,4.096224E-01,3.308885E+03,1.101692E+04
06:20:00,2.471599E+00,4.970515E+04,5.879423E-02,0.000000E+00,0.000000E+00,5.879423E-02,1.124664E+03,5.879423E-02,4.823085E+02,1.607606E+03,1.097741E+01,2.843547E+05,4.096224E-01,0.000000E+00,0.000000E+00,4.096224E-01,7.835594E+03,4.096224E-01,3.360268E+03,1.120027E+04
06:30:00,2.471599E+00,4.970515E+04,5.879423E-02,0.000000E+00,0.000000E+00,5.879423E-02,1.117289E+03,5.879423E-02,4.896837E+02,1.634060E+03,1.097741E+01,2.843547E+05,4.096224E-01,0.000000E+00,0.000000E+00,4.096224E-01,7.784211E+03,4.096224E-01,3.411651E+03,1.138458E+04
06:40:00,2.471599E+00,4.970515E+04,5.879423E-02,0.000000E+00,0.000000E+00,5.879423E-02,1.109914E+03,5.879423E-02,4.970588E+02,1.660652E+03,1.097741E+01,2.843547E+05,4.096224E-01,0.000000E+00,0.000000E+00,4.096224E-01,7.732828E+03,4.096224E-01,3.463034E+03,1.156985E+04
06:50:00,2.471599E+00,4.970515E+04,5.879423E-02,0.000000E+00,0.000000E+00,5.879423E-02,1.102539E+03,5.879423E-02,5.044340E+02,1.687383E+03,1.097741E+01,2.843547E+05,4.096224E-01,0.000000E+00,0.000000E+00,4.096224E-01,7.681445E+03,4.096224E-01,3.514417E+03,1.175608E+04
07:00:00,2.471599E+00,4.970515E+04,5.879423E-02,0.000000E+00,0.000000E+00,5.879423E-02,1.095164E+03,5.879423E-02,5.118091E+02,1.714254E+03,1.097741E+01,2.843547E+05,4.096224E-01,0.000000E+00,0.000000E+00,4.096224E-01,7.630062E+03,4.096224E-01,3.565799E+03,1.194329E+04
07:10:00,2.471599E+00,4.970515E+04,5.879423E-02,0.000000E+00,0.000000E+00,5.879423E-02,1.077253E+03,1.223271E-01,1.348121E+03,3.695005E+03,1.097741E+01,2.843547E+05,4.096224E-01,0.000000E+00,0.000000E+00,4.096224E-01,7.505275E+03,4.096224E-01,3.690587E+03,1.240204E+04
07:20:00,2.471599E+00,4.970515E+04,5.879423E-02,0.000000E+00,0.000000E+00,5.879423E-02,1.059342E+03,2.021895E-01,2.351959E+03,5.916342E+03,1.097741E+01,2.843547E+05,4.096224E-01,0.000000E+00,0.000000E+00,4.096224E-01,7.380487E+03,4.096224E-01,3.815374E+03,1.286666E+04
07:30:00,2.471599E+00,4.970515E+04,5.879423E-02,0.000000E+00,0.000000E+00,5.879423E-02,1.041431E+03,2.814179E-01,3.298620E+03,7.832856E+03,1.097741E+01,2.843547E+05,4.096224E-01,0.000000E+00,0.000000E+00,4.096224E-01,7.255700E+03,4.096224E-01,3.940161E+03,1.333725E+04
07:40:00,2.471599E+00,4.970515E+04,5.879423E-02,0.000000E+00,0.000000E+00,5.879423E-02,1.023520E+03,3.621678E-01,4.212978E+03,9.701687E+03,1.097741E+01,2.843547E+05,4.096224E-01,0.000000E+00,0.000000E+00,4.096224E-01,7.130913E+03,4.096224E-01,4.064948E+03,1.381391E+04
07:50:00,2.471599E+00,4.970515E+04,5.879423E-02,0.000000E+00,0.000000E+00,5.879423E-02,1.005609E+03,4.449677E-01,5.097958E+03,1.157892E+04,1.097741E+01,2.843547E+05,4.096224E-01,0.000000E+00,0.000000E+00,4.096224E-01,7.006126E+03,4.096224E-01,4.189735E+03,1.429673E+04
08:00:00,2.471599E+00,4.970515E+04,5.879423E-02,0.000000E+00,0.000000E+00,5.879423E-02,9.876976E+02,5.302022E-01,5.953920E+03,1.349543E+04,1.097741E+01,2.843547E+05,4.096224E-01,0.000000E+00,0.000000E+00,4.096224E-01,6.881339E+03,4.096224E-01,4.314523E+03,1.478581E+04
08:10:00,2.471599E+00,4.970515E+04,5.879423E-02,0.000000E+00,0.000000E+00,5.879423E-02,9.676794E+02,4.961235E-01,5.556227E+03,1.268042E+04,1.097741E+01,2.843547E+05,4.096224E-01,0.000000E+00,0.000000E+00,4.096224E-01,6.741870E+03,4.096224E-01,4.453991E+03,1.524308E+04
08:20:00,2.471599E+00,4.970515E+04,5.879423E-02,0.000000E+00,0.000000E+00,5.879423E-02,9.476611E+02,5.077649E-01,5.706395E+03,1.298166E+04,1.097741E+01,2.843547E+05,4.096224E-01,0.000000E+00,0.000000E+00,4.096224E-01,6.602402E+03,4.096224E-01,4.593459E+03,1.538740E+04
08:30:00,2.471599E+00,4.970515E+04,5.879423E-02,0.000000E+00,0.000000E+00,5.879423E-02,9.276429E+02,5.234902E-01,5.903181E+03,1.333963E+04,1.097741E+01,2.843547E+05,4.096224E-01,0.000000E+00,0.000000E+00,4.096224E-01,6.462934E+03,4.096224E-01,4.732927E+03,1.553171E+04
08:40:00,2.471599E+00,4.970515E+04,5.879423E-02,0.000000E+00,0.000000E+00,5.879423E-02,9.076247E+02,5.413200E-01,6.123562E+03,1.371497E+04,1.097741E+01,2.843547E+05,4.096224E-01,0.000000E+00,0.000000E+00,4.096224E-01,6.323466E+03,4.096224E-01,4.872395E+03,1.567602E+04
08:50:00,2.471599E+00,4.970515E+04,5.879423E-02,0.000000E+00,0.000000E+00,5.879423E-02,8.876064E+02,5.608841E-01,6.363367E+03,1.410479E+04,1.097741E+01,2.843547E+05,4.096224E-01,0.000000E+00,0.000000E+00,4.096224E-01,6.183998E+03,4.096224E-01,5.011863E+03,1.582034E+04
09:00:00,2.471599E+00,4.970515E+04,5.879423E-02,0.000000E+00,0.000000E+00,5.879423E-02,8.675882E+02,5.819484E-01,6.619989E+03,1.450769E+04,1.097741E+01,2.843547E+05,4.096224E-01,0.000000E+00,0.000000E+00,4.096224E-01,6.044530E+03,4.096224E-01,5.151331E+03,1.596464E+04
09:10:00,2.471599E+00,4.970515E+04,5.879423E-02,0.000000E+00,0.000000E+00,5.879423E-02,8.496771E+02,6.037843E-01,6.883152E+03,1.490746E+04,1.097741E+01,2.843547E+05,4.096224E-01,0.000000E+00,0.000000E+00,4.096224E-01,5.919743E+03,4.096224E-01,5.276118E+03,1.609377E+04
09:20:00,2.471599E+00,4.970515E+04,5.879423E-02,0.000000E+00,0.000000E+00,5.879423E-02,8.317661E+02,6.262433E-01,7.153320E+03,1.530930E+04,1.097741E+01,2.843547E+05,4.096224E-01,0.000000E+00,0.000000E+00,4.096224E-01,5.794956E+03,4.096224E-01,5.400905E+03,1.622289E+04
09:30:00,2.471599E+00,4.970515E+04,5.879423E-02,0.000000E+00,0.000000E+00,5.879423E-02,8.138550E+02,6.492216E-01,7.429338E+03,1.571183E+04,1.097741E+01,2.843547E+05,4.096224E-01,0.000000E+00,0.000000E+00,4.096224E-01,5.670169E+03,4.096224E-01,5.525693E+03,1.635201E+04
09:40:00,2.471599E+00,4.970515E+04,5.879423E-02,0.000000E+00,0.000000E+00,5.879423E-02,7.959440E+02,6.726238E-01,7.710135E+03,1.611369E+04,1.097741E+01,2.843547E+05,4.096224E-01,0.000000E+00,0.000000E+00,4.096224E-01,5.545381E+03,4.096224E-01,5.650480E+03,1.648113E+04
09:50:00,2.471599E+00,4.970515E+04,5.879423E-02,0.000000E+00,0.000000E+00,5.879423E-02,7.780329E+02,6.963624E-01,7.994721E+03,1.651364E+04,1.097741E+01,2.843547E+05,4.096224E-01,0.000000E+00,0.000000E+00,4.096224E-01,5.420594E+03,4.096224E-01,5.775267E+03,1.661025E+04
10:00:00,2.471599E+00,4.970515E+04,5.879423E-02,0.000000E+00,0.000000E+00,5.879423E-02,7.601219E+02,7.203487E-01,8.282102E+03,1.691046E+04,1.097741E+01,2.843547E+05,4.096224E-01,0.000000E+00,0.000000E+00,4.096224E-01,5.295807E+03,4.096224E-01,5.900054E+03,1.673937E+04
10:10:00,2.471599E+00,4.970515E+04,5.879423E-02,0.000000E+00,0.000000E+00,5.879423E-02,7.443180E+02,7.444886E-01,8.569109E+03,1.730064E+04,1.097741E+01,2.843547E+05,4.096224E-01,0.000000E+00,0.000000E+00,4.096224E-01,5.185701E+03,4.096224E-01,6.010161E+03,1.685330E+04
10:20:00,2.471599E+00,4.970515E+04,5.879423E-02,0.000000E+00,0.000000E+00,5.879423E-02,7.285141E+02,7.687281E-01,8.857240E+03,1.769040E+04,1.097741E+01,2.843547E+05,4.096224E-01,0.000000E+00,0.000000E+00,4.096224E-01,5.075594E+03,4.096224E-01,6.120267E+03,1.696723E+04
10:30:00,2.471599E+00,4.970515E+04,5.879423E-02,0.000000E+00,0.000000E+00,5.879423E-02,7.127103E+02,7.929930E-01,9.145663E+03,1.807715E+04,1.097741E+01,2.843547E+05,4.096224E-01,0.000000E+00,0.000000E+00,4.096224E-01,4.965488E+03,4.096224E-01,6.230373E+03,1.708116E+04
10:40:00,2.471599E+00,4.970515E+04,5.879423E-02,0.000000E+00,0.000000E+00,5.879423E-02,6.969064E+02,8.171896E-01,9.433323E+03,1.845872E+04,1.097741E+01,2.843547E+05,4.096224E-01,0.000000E+00,0.000000E+00,4.096224E-01,4.855382E+03,4.096224E-01,6.340480E+03,1.719509E+04
10:50:00,2.471599E+00,4.970515E+04,5.879423E-02,0.000000E+00,0.000000E+00,5.879423E-02,6.811025E+02,8.412152E-01,9.719065E+03,1.883340E+04,1.097741E+01,2.843547E+05,4.096224E-01,0.000000E+00,0.000000E+00,4.096224E-01,4.745275E+03,4.096224E-01,6.450586E+03,1.730902E+04
11:00:00,2.471599E+00,4.970515E+04,5.879423E-02,0.000000E+00,0.000000E+00,5.879423E-02,6.652987E+02,8.649597E-01,1.000165E+04,1.919958E+04,1.097741E+01,2.843547E+05,4.096224E-01,0.000000E+00,0.000000E+00,4.096224E-01,4.635169E+03,5.258729E-01,8.180200E+03,2.187660E+04
11:10:00,2.471599E+00,4.970515E+04,5.879423E-02,0.000000E+00,0.000000E+00,5.879423E-02,6.547627E+02,8.878842E-01,1.026977E+04,1.954160E+04,1.097741E+01,2.843547E+05,4.096224E-01,0.000000E+00,0.000000E+00,4.096224E-01,4.561765E+03,6.986002E-01,1.066808E+04,2.842297E+04
11:20:00,2.471599E+00,4.970515E+04,5.879423E-02,0.000000E+00,0.000000E+00,5.879423E-02,6.442268E+02,9.098897E-01,1.052756E+04,1.987530E+04,1.097741E+01,2.843547E+05,4.096224E-01,0.000000E+00,0.000000E+00,4.096224E-01,4.488360E+03,8.384048E-01,1.269438E+04,3.355395E+04
11:30:00,2.471599E+00,4.970515E+04,5.879423E-02,0.000000E+00,0.000000E+00,5.879423E-02,6.336909E+02,9.308820E-01,1.077397E+04,2.019454E+04,1.097741E+01,2.843547E+05,4.096224E-01,0.000000E+00,0.000000E+00,4.096224E-01,4.414956E+03,9.643642E-01,1.452600E+04,3.802662E+04
11:40:00,2.471599E+00,4.970515E+04,5.879423E-02,0.000000E+00,0.000000E+00,5.879423E-02,6.231550E+02,9.507850E-01,1.100816E+04,2.049574E+04,1.097741E+01,2.843547E+05,4.096224E-01,0.000000E+00,0.000000E+00,4.096224E-01,4.341552E+03,1.084191E+00,1.627186E+04,4.214884E+04
11:50:00,2.471599E+00,4.970515E+04,5.879423E-02,0.000000E+00,0.000000E+00,5.879423E-02,6.126191E+02,9.695368E-01,1.122941E+04,2.077682E+04,1.097741E+01,2.843547E+05,4.096224E-01,0.000000E+00,0.000000E+00,4.096224E-01,4.268148E+03,1.197532E+00,1.792707E+04,4.592452E+04
12:00:00,2.471599E+00,4.970515E+04,5.879423E-02,0.000000E+00,0.000000E+00,5.879423E-02,6.020832E+02,9.871271E-01,1.143762E+04,2.103732E+04,1.097741E+01,2.843547E+05,4.096224E-01,0.000000E+00,0.000000E+00,4.096224E-01,4.194743E+03,1.304125E+00,1.948800E+04,4.936181E+04
12:10:00,2.471599E+00,4.970515E+04,5.879423E-02,0.000000E+00,0.000000E+00,5.879423E-02,5.936544E+02,1.004123E+00,1.163705E+04,2.128576E+04,1.097741E+01,2.843547E+05,4.096224E-01,0.000000E+00,0.000000E+00,4.096224E-01,4.136020E+03,1.406928E+00,2.098128E+04,5.256565E+04
12:20:00,2.471599E+00,4.970515E+04,5.879423E-02,0.000000E+00,0.000000E+00,5.879423E-02,5.852257E+02,1.020491E+00,1.182940E+04,2.152595E+04,1.097741E+01,2.843547E+05,4.096224E-01,0.000000E+00,0.000000E+00,4.096224E-01,4.077297E+03,1.505965E+00,2.242194E+04,5.557309E+04
12:30:00,2.471599E+00,4.970515E+04,5.879423E-02,0.000000E+00,0.000000E+00,5.879423E-02,5.767970E+02,1.036165E+00,1.201396E+04,2.175580E+04,1.097741E+01,2.843547E+05,4.096224E-01,0.000000E+00,0.000000E+00,4.096224E-01,4.018573E+03,1.601319E+00,2.381116E+04,5.839819E+04
12:40:00,2.471599E+00,4.970515E+04,5.879423E-02,0.000000E+00,0.000000E+00,5.879423E-02,5.683682E+02,1.051128E+00,1.219054E+04,2.197534E+04,1.097741E+01,2.843547E+05,4.096224E-01,0.000000E+00,0.000000E+00,4.096224E-01,3.959850E+03,1.693049E+00,2.514975E+04,6.105305E+04
12:50:00,2.471599E+00,4.970515E+04,5.879423E-02,0.000000E+00,0.000000E+00,5.879423E-02,5.599395E+02,1.065418E+00,1.235955E+04,2.218499E+04,1.097741E+01,2.843547E+05,4.096224E-01,0.000000E+00,0.000000E+00,4.096224E-01,3.901126E+03,1.780951E+00,2.643486E+04,6.354037E+04
13:00:00,2.471599E+00,4.970515E+04,5.879423E-02,0.000000E+00,0.000000E+00,5.879423E-02,5.515108E+02,1.079120E+00,1.252195E+04,2.238549E+04,1.097741E+01,2.843547E+05,4.096224E-01,0.000000E+00,0.000000E+00,4.096224E-01,3.842403E+03,1.866488E+00,2.768695E+04,6.591817E+04
13:10:00,2.471599E+00,4.970515E+04,5.879423E-02,0.000000E+00,0.000000E+00,5.879423E-02,5.462428E+02,1.092071E+00,1.267276E+04,2.256874E+04,1.097741E+01,2.843547E+05,4.096224E-01,0.000000E+00,0.000000E+00,4.096224E-01,3.805701E+03,1.949190E+00,2.887747E+04,6.814558E+04
13:20:00,2.471599E+00,4.970515E+04,5.879423E-02,0.000000E+00,0.000000E+00,5.879423E-02,5.409749E+02,1.104465E+00,1.281731E+04,2.274765E+04,1.097741E+01,2.843547E+05,4.096224E-01,0.000000E+00,0.000000E+00,4.096224E-01,3.768999E+03,2.029307E+00,3.003193E+04,7.027436E+04
13:30:00,2.471599E+00,4.970515E+04,5.879423E-02,0.000000E+00,0.000000E+00,5.879423E-02,5.357069E+02,1.116555E+00,1.295844E+04,2.292225E+04,1.097741E+01,2.843547E+05,4.096224E-01,0.000000E+00,0.000000E+00,4.096224E-01,3.732297E+03,2.107033E+00,3.115304E+04,7.231252E+04
13:40:00,2.471599E+00,4.970515E+04,5.879423E-02,0.000000E+00,0.000000E+00,5.879423E-02,5.304390E+02,1.128553E+00,1.309854E+04,2.309394E+04,1.097741E+01,2.843547E+05,4.096224E-01,0.000000E+00,0.000000E+00,4.096224E-01,3.695595E+03,2.182581E+00,3.224378E+04,7.426878E+04
13:50:00,2.471599E+00,4.970515E+04,5.879423E-02,0.000000E+00,0.000000E+00,5.879423E-02,5.251710E+02,1.140591E+00,1.323907E+04,2.326391E+04,1.097741E+01,2.843547E+05,4.096224E-01,0.000000E+00,0.000000E+00,4.096224E-01,3.658893E+03,2.256365E+00,3.330995E+04,7.615811E+04
14:00:00,2.471599E+00,4.970515E+04,5.879423E-02,0.000000E+00,0.000000E+00,5.879423E-02,5.199030E+02,1.152688E+00,1.338028E+04,2.343240E+04,1.097741E+01,2.843547E+05,4.096224E-01,0.000000E+00,0.000000E+00,4.096224E-01,3.622190E+03,2.327049E+00,3.433289E+04,7.794081E+04
14:10:00,2.471599E+00,4.970515E+04,5.879423E-02,0.000000E+00,0.000000E+00,5.879423E-02,5.199030E+02,1.164499E+00,1.351300E+04,2.358781E+04,1.097741E+01,2.843547E+05,4.096224E-01,0.000000E+00,0.000000E+00,4.096224E-01,3.622190E+03,2.392367E+00,3.524422E+04,7.951208E+04
14:20:00,2.471599E+00,4.970515E+04,5.879423E-02,0.000000E+00,0.000000E+00,5.879423E-02,5.199030E+02,1.175870E+00,1.364078E+04,2.374575E+04,1.097741E+01,2.843547E+05,4.096224E-01,0.000000E+00,0.000000E+00,4.096224E-01,3.622190E+03,2.451857E+00,3.607424E+04,8.093378E+04
14:30:00,2.471599E+00,4.970515E+04,5.879423E-02,0.000000E+00,0.000000E+00,5.879423E-02,5.199030E+02,1.186594E+00,1.376128E+04,2.389758E+04,1.097741E+01,2.843547E+05,4.096224E-01,0.000000E+00,0.000000E+00,4.096224E-01,3.622190E+03,2.505089E+00,3.681696E+04,8.219215E+04
14:40:00,2.471599E+00,4.970515E+04,5.879423E-02,0.000000E+00,0.000000E+00,5.879423E-02,5.199030E+02,1.196436E+00,1.387189E+04,2.403724E+04,1.097741E+01,2.843547E+05,4.096224E-01,0.000000E+00,0.000000E+00,4.096224E-01,3.622190E+03,2.551692E+00,3.746719E+04,8.327595E+04
14:50:00,2.471599E+00,4.970515E+04,5.879423E-02,0.000000E+00,0.000000E+00,5.879423E-02,5.199030E+02,1.205180E+00,1.397016E+04,2.416034E+04,1.097741E+01,2.843547E+05,4.096224E-01,0.000000E+00,0.000000E+00,4.096224E-01,3.622190E+03,2.591343E+00,3.802044E+04,8.417564E+04
15:00:00,2.471599E+00,4.970515E+04,5.879423E-02,0.000000E+00,0.000000E+00,5.879423E-02,5.199030E+02,1.212795E+00,1.405575E+04,2.426644E+04,1.097741E+01,2.843547E+05,4.096224E-01,0.000000E+00,0.000000E+00,4.096224E-01,3.622190E+03,2.623577E+00,3.847025E+04,8.487744E+04
15:10:00,2.471599E+00,4.970515E+04,5.879423E-02,0.000000E+00,0.000000E+00,5.879423E-02,5.262246E+02,1.218853E+00,1.411754E+04,2.433870E+04,1.097741E+01,2.843547E+05,4.096224E-01,0.000000E+00,0.000000E+00,4.096224E-01,3.666233E+03,2.646883E+00,3.875144E+04,8.529240E+04
15:20:00,2.471599E+00,4.970515E+04,5.879423E-02,0.000000E+00,0.000000E+00,5.879423E-02,5.325461E+02,1.223232E+00,1.416046E+04,2.439951E+04,1.097741E+01,2.843547E+05,4.096224E-01,0.000000E+00,0.000000E+00,4.096224E-01,3.710275E+03,2.661041E+00,3.890505E+04,8.550500E+04
15:30:00,2.471599E+00,4.970515E+04,5.879423E-02,0.000000E+00,0.000000E+00,5.879423E-02,5.388677E+02,1.225842E+00,1.418350E+04,2.443976E+04,1.097741E+01,2.843547E+05,4.096224E-01,0.000000E+00,0.000000E+00,4.096224E-01,3.754318E+03,2.665965E+00,3.892984E+04,8.550330E+04
15:40:00,2.471599E+00,4.970515E+04,5.879423E-02,0.000000E+00,0.000000E+00,5.879423E-02,5.451892E+02,1.226619E+00,1.418596E+04,2.445475E+04,1.097741E+01,2.843547E+05,4.096224E-01,0.000000E+00,0.000000E+00,4.096224E-01,3.798361E+03,2.661600E+00,3.882503E+04,8.527720E+04
15:50:00,2.471599E+00,4.970515E+04,5.879423E-02,0.000000E+00,0.000000E+00,5.879423E-02,5.515108E+02,1.225512E+00,1.416725E+04,2.444184E+04,1.097741E+01,2.843547E+05,4.096224E-01,0.000000E+00,0.000000E+00,4.096224E-01,3.842403E+03,2.647869E+00,3.858959E+04,8.481695E+04
16:00:00,2.471599E+00,4.970515E+04,5.879423E-02,0.000000E+00,0.000000E+00,5.879423E-02,5.578323E+02,1.222313E+00,1.412504E+04,2.439638E+04,1.097741E+01,2.843547E+05,4.096224E-01,0.000000E+00,0.000000E+00,4.096224E-01,3.886446E+03,2.624872E+00,3.822487E+04,8.411889E+04
16:10:00,2.471599E+00,4.970515E+04,5.879423E-02,0.000000E+00,0.000000E+00,5.879423E-02,5.662611E+02,1.217709E+00,1.406493E+04,2.432857E+04,1.097741E+01,2.843547E+05,4.096224E-01,0.000000E+00,0.000000E+00,4.096224E-01,3.945169E+03,2.596516E+00,3.777073E+04,8.327852E+04
16:20:00,2.471599E+00,4.970515E+04,5.879423E-02,0.000000E+00,0.000000E+00,5.879423E-02,5.746898E+02,1.211747E+00,1.398955E+04,2.424581E+04,1.097741E+01,2.843547E+05,4.096224E-01,0.000000E+00,0.000000E+00,4.096224E-01,4.003892E+03,2.562685E+00,3.724018E+04,8.231622E+04
16:30:00,2.471599E+00,4.970515E+04,5.879423E-02,0.000000E+00,0.000000E+00,5.879423E-02,5.831185E+02,1.204642E+00,1.390134E+04,2.414866E+04,1.097741E+01,2.843547E+05,4.096224E-01,0.000000E+00,0.000000E+00,4.096224E-01,4.062616E+03,2.524196E+00,3.664463E+04,8.124979E+04
16:40:00,2.471599E+00,4.970515E+04,5.879423E-02,0.000000E+00,0.000000E+00,5.879423E-02,5.915473E+02,1.196482E+00,1.380126E+04,2.403446E+04,1.097741E+01,2.843547E+05,4.096224E-01,0.000000E+00,0.000000E+00,4.096224E-01,4.121339E+03,2.483863E+00,3.602335E+04,8.015100E+04
16:50:00,2.471599E+00,4.970515E+04,5.879423E-02,0.000000E+00,0.000000E+00,5.879423E-02,5.999760E+02,1.187336E+00,1.369010E+04,2.390452E+04,1.097741E+01,2.843547E+05,4.096224E-01,0.000000E+00,0.000000E+00,4.096224E-01,4.180063E+03,2.444572E+00,3.541657E+04,7.908315E+04
17:00:00,2.471599E+00,4.970515E+04,5.879423E-02,0.000000E+00,0.000000E+00,5.879423E-02,6.084047E+02,1.177293E+00,1.356886E+04,2.376077E+04,1.097741E+01,2.843547E+05,4.096224E-01,0.000000E+00,0.000000E+00,4.096224E-01,4.238786E+03,2.408325E+00,3.485226E+04,7.808962E+04
17:10:00,2.471599E+00,4.970515E+04,5.879423E-02,0.000000E+00,0.000000E+00,5.879423E-02,6.189406E+02,9.769310E-01,1.152514E+04,2.155634E+04,1.097741E+01,2.843547E+05,4.096224E-01,0.000000E+00,0.000000E+00,4.096224E-01,4.312190E+03,2.372259E+00,3.427782E+04,7.713825E+04
17:20:00,2.471599E+00,4.970515E+04,5.879423E-02,0.000000E+00,0.000000E+00,5.879423E-02,6.294765E+02,7.781742E-01,9.629363E+03,1.998704E+04,1.097741E+01,2.843547E+05,4.096224E-01,0.000000E+00,0.000000E+00,4.096224E-01,4.385594E+03,2.343413E+00,3.380454E+04,7.632049E+04
17:30:00,2.471599E+00,4.970515E+04,5.879423E-02,0.000000E+00,0.000000E+00,5.879423E-02,6.400125E+02,5.809920E-01,7.600346E+03,1.662394E+04,1.097741E+01,2.843547E+05,4.096224E-01,0.000000E+00,0.000000E+00,4.096224E-01,4.458999E+03,2.320813E+00,3.341779E+04,7.565225E+04
17:40:00,2.471599E+00,4.970515E+04,5.879423E-02,0.000000E+00,0.000000E+00,5.879423E-02,6.505484E+02,3.854897E-01,5.351941E+03,1.235170E+04,1.097741E+01,2.843547E+05,4.096224E-01,0.000000E+00,0.000000E+00,4.096224E-01,4.532403E+03,2.300702E+00,3.306515E+04,7.507851E+04
17:50:00,2.471599E+00,4.970515E+04,5.879423E-02,0.000000E+00,0.000000E+00,5.879423E-02,6.610843E+02,1.917920E-01,2.838555E+03,6.878451E+03,1.097741E+01,2.843547E+05,4.096224E-01,0.000000E+00,0.000000E+00,4.096224E-01,4.605807E+03,2.277232E+00,3.266423E+04,7.440198E+04
18:00:00,2.471599E+00,4.970515E+04,5.879423E-02,0.000000E+00,0.000000E+00,5.879423E-02,6.716202E+02,5.879423E-02,9.353528E+02,2.494223E+03,1.097741E+01,2.843547E+05,4.096224E-01,0.000000E+00,0.000000E+00,4.096224E-01,4.679211E+03,2.247535E+00,3.217636E+04,7.355510E+04
18:10:00,2.471599E+00,4.970515E+04,5.879423E-02,0.000000E+00,0.000000E+00,5.879423E-02,6.874241E+02,5.879423E-02,9.195490E+02,2.477871E+03,1.097741E+01,2.843547E+05,4.096224E-01,0.000000E+00,0.000000E+00,4.096224E-01,4.789318E+03,2.209572E+00,3.153449E+04,7.243794E+04
18:20:00,2.471599E+00,4.970515E+04,5.879423E-02,0.000000E+00,0.000000E+00,5.879423E-02,7.032279E+02,5.879423E-02,9.037451E+02,2.461518E+03,1.097741E+01,2.843547E+05,4.096224E-01,0.000000E+00,0.000000E+00,4.096224E-01,4.899424E+03,2.153601E+00,3.064097E+04,7.082788E+04
18:30:00,2.471599E+00,4.970515E+04,5.879423E-02,0.000000E+00,0.000000E+00,5.879423E-02,7.190318E+02,5.879423E-02,8.879412E+02,2.445166E+03,1.097741E+01,2.843547E+05,4.096224E-01,0.000000E+00,0.000000E+00,4.096224E-01,5.009530E+03,2.076299E+00,2.945042E+04,6.861830E+04
18:40:00,2.471599E+00,4.970515E+04,5.879423E-02,0.000000E+00,0.000000E+00,5.879423E-02,7.348357E+02,5.879423E-02,8.721373E+02,2.428813E+03,1.097741E+01,2.843547E+05,4.096224E-01,0.000000E+00,0.000000E+00,4.096224E-01,5.119637E+03,1.974178E+00,2.791418E+04,6.569064E+04
18:50:00,2.471599E+00,4.970515E+04,5.879423E-02,0.000000E+00,0.000000E+00,5.879423E-02,7.506396E+02,5.879423E-02,8.563335E+02,2.412460E+03,1.097741E+01,2.843547E+05,4.096224E-01,0.000000E+00,0.000000E+00,4.096224E-01,5.229743E+03,1.845238E+00,2.600487E+04,6.196539E+04
19:00:00,2.471599E+00,4.970515E+04,5.879423E-02,0.000000E+00,0.000000E+00,5.879423E-02,7.664434E+02,5.879423E-02,8.405296E+02,2.396107E+03,1.097741E+01,2.843547E+05,4.096224E-01,0.000000E+00,0.000000E+00,4.096224E-01,5.339850E+03,1.686741E+00,2.368308E+04,5.732345E+04
19:10:00,2.471599E+00,4.970515E+04,5.879423E-02,0.000000E+00,0.000000E+00,5.879423E-02,7.780329E+02,5.879423E-02,8.289401E+02,2.384115E+03,1.097741E+01,2.843547E+05,4.096224E-01,0.000000E+00,0.000000E+00,4.096224E-01,5.420594E+03,1.509321E+00,2.112648E+04,5.207905E+04
19:20:00,2.471599E+00,4.970515E+04,5.879423E-02,0.000000E+00,0.000000E+00,5.879423E-02,7.896224E+02,5.879423E-02,8.173506E+02,2.372123E+03,1.097741E+01,2.843547E+05,4.096224E-01,0.000000E+00,0.000000E+00,4.096224E-01,5.501339E+03,1.320122E+00,1.840529E+04,4.634796E+04
19:30:00,2.471599E+00,4.970515E+04,5.879423E-02,0.000000E+00,0.000000E+00,5.879423E-02,8.012119E+02,5.879423E-02,8.057611E+02,2.360131E+03,1.097741E+01,2.843547E+05,4.096224E-01,0.000000E+00,0.000000E+00,4.096224E-01,5.582084E+03,1.127812E+00,1.564043E+04,4.035394E+04
19:40:00,2.471599E+00,4.970515E+04,5.879423E-02,0.000000E+00,0.000000E+00,5.879423E-02,8.128014E+02,5.879423E-02,7.941716E+02,2.348139E+03,1.097741E+01,2.843547E+05,4.096224E-01,0.000000E+00,0.000000E+00,4.096224E-01,5.662828E+03,9.409409E-01,1.295121E+04,3.434740E+04
19:50:00,2.471599E+00,4.970515E+04,5.879423E-02,0.000000E+00,0.000000E+00,5.879423E-02,8.243910E+02,5.879423E-02,7.825821E+02,2.336147E+03,1.097741E+01,2.843547E+05,4.096224E-01,0.000000E+00,0.000000E+00,4.096224E-01,5.743573E+03,7.677448E-01,1.045263E+04,2.860451E+04
20:00:00,2.471599E+00,4.970515E+04,5.879423E-02,0.000000E+00,0.000000E+00,5.879423E-02,8.359805E+02,5.879423E-02,7.709926E+02,2.324155E+03,1.097741E+01,2.843547E+05,4.096224E-01,0.000000E+00,0.000000E+00,4.096224E-01,5.824318E+03,6.136364E-01,8.220279E+03,2.333212E+04
20:10:00,2.471599E+00,4.970515E+04,5.879423E-02,0.000000E+00,0.000000E+00,5.879423E-02,8.454628E+02,5.879423E-02,7.615103E+02,2.314344E+03,1.097741E+01,2.843547E+05,4.096224E-01,0.000000E+00,0.000000E+00,4.096224E-01,5.890381E+03,4.773313E-01,6.250979E+03,1.853226E+04
20:20:00,2.471599E+00,4.970515E+04,5.879423E-02,0.000000E+00,0.000000E+00,5.879423E-02,8.549451E+02,5.879423E-02,7.520279E+02,2.304532E+03,1.097741E+01,2.843547E+05,4.096224E-01,0.000000E+00,0.000000E+00,4.096224E-01,5.956445E+03,4.096224E-01,5.239416E+03,1.605579E+04
20:30:00,2.471599E+00,4.970515E+04,5.879423E-02,0.000000E+00,0.000000E+00,5.879423E-02,8.644274E+02,5.879423E-02,7.425456E+02,2.294721E+03,1.097741E+01,2.843547E+05,4.096224E-01,0.000000E+00,0.000000E+00,4.096224E-01,6.022509E+03,4.096224E-01,5.173352E+03,1.598743E+04
20:40:00,2.471599E+00,4.970515E+04,5.879423E-02,0.000000E+00,0.000000E+00,5.879423E-02,8.739097E+02,5.879423E-02,7.330633E+02,2.284909E+03,1.097741E+01,2.843547E+05,4.096224E-01,0.000000E+00,0.000000E+00,4.096224E-01,6.088573E+03,4.096224E-01,5.107288E+03,1.591907E+04
20:50:00,2.471599E+00,4.970515E+04,5.879423E-02,0.000000E+00,0.000000E+00,5.879423E-02,8.833921E+02,5.879423E-02,7.235810E+02,2.275097E+03,1.097741E+01,2.843547E+05,4.096224E-01,0.000000E+00,0.000000E+00,4.096224E-01,6.154637E+03,4.096224E-01,5.041225E+03,1.585071E+04
21:00:00,2.471599E+00,4.970515E+04,5.879423E-02,0.000000E+00,0.000000E+00,5.879423E-02,8.928744E+02,5.879423E-02,7.140986E+02,2.265286E+03,1.097741E+01,2.843547E+05,4.096224E-01,0.000000E+00,0.000000E+00,4.096224E-01,6.220700E+03,4.096224E-01,4.975161E+03,1.578236E+04
21:10:00,2.471599E+00,4.970515E+04,5.879423E-02,0.000000E+00,0.000000E+00,5.879423E-02,9.023567E+02,5.879423E-02,7.046163E+02,2.255474E+03,1.097741E+01,2.843547E+05,4.096224E-01,0.000000E+00,0.000000E+00,4.096224E-01,6.286764E+03,4.096224E-01,4.909097E+03,1.571400E+04
21:20:00,2.471599E+00,4.970515E+04,5.879423E-02,0.000000E+00,0.000000E+00,5.879423E-02,9.118390E+02,5.879423E-02,6.951340E+02,2.245662E+03,1.097741E+01,2.843547E+05,4.096224E-01,0.000000E+00,0.000000E+00,4.096224E-01,6.352828E+03,4.096224E-01,4.843033E+03,1.564564E+04
21:30:00,2.471599E+00,4.970515E+04,5.879423E-02,0.000000E+00,0.000000E+00,5.879423E-02,9.213214E+02,5.879423E-02,6.856517E+02,2.235850E+03,1.097741E+01,2.843547E+05,4.096224E-01,0.000000E+00,0.000000E+00,4.096224E-01,6.418892E+03,4.096224E-01,4.776969E+03,1.557728E+04
21:40:00,2.471599E+00,4.970515E+04,5.879423E-02,0.000000E+00,0.000000E+00,5.879423E-02,9.308037E+02,5.879423E-02,6.761694E+02,2.226039E+03,1.097741E+01,2.843547E+05,4.096224E-01,0.000000E+00,0.000000E+00,4.096224E-01,6.484956E+03,4.096224E-01,4.710906E+03,1.550893E+04
21:50:00,2.471599E+00,4.970515E+04,5.879423E-02,0.000000E+00,0.000000E+00,5.879423E-02,9.402860E+02,5.879423E-02,6.666870E+02,2.216227E+03,1.097741E+01,2.843547E+05,4.096224E-01,0.000000E+00,0.000000E+00,4.096224E-01,6.551019E+03,4.096224E-01,4.644842E+03,1.544057E+04
22:00:00,2.471599E+00,4.970515E+04,5.879423E-02,0.000000E+00,0.000000E+00,5.879423E-02,9.497683E+02,5.879423E-02,6.572047E+02,2.206416E+03,1.097741E+01,2.843547E+05,4.096224E-01,0.000000E+00,0.000000E+00,4.096224E-01,6.617083E+03,4.096224E-01,4.578778E+03,1.537221E+04
22:10:00,2.471599E+00,4.970515E+04,5.879423E-02,0.000000E+00,0.000000E+00,5.879423E-02,9.571435E+02,5.879423E-02,6.498296E+02,2.198785E+03,1.097741E+01,2.843547E+05,4.096224E-01,0.000000E+00,0.000000E+00,4.096224E-01,6.668466E+03,4.096224E-01,4.527395E+03,1.531904E+04
22:20:00,2.471599E+00,4.970515E+04,5.879423E-02,0.000000E+00,0.000000E+00,5.879423E-02,9.645186E+02,5.879423E-02,6.424544E+02,2.191153E+03,1.097741E+01,2.843547E+05,4.096224E-01,0.000000E+00,0.000000E+00,4.096224E-01,6.719849E+03,4.096224E-01,4.476012E+03,1.526588E+04
22:30:00,2.471599E+00,4.970515E+04,5.879423E-02,0.000000E+00,0.000000E+00,5.879423E-02,9.718937E+02,5.879423E-02,6.350793E+02,2.183522E+03,1.097741E+01,2.843547E+05,4.096224E-01,0.000000E+00,0.000000E+00,4.096224E-01,6.771232E+03,4.096224E-01,4.424629E+03,1.521271E+04
22:40:00,2.471599E+00,4.970515E+04,5.879423E-02,0.000000E+00,0.000000E+00,5.879423E-02,9.792689E+02,5.879423E-02,6.277041E+02,2.155599E+03,1.097741E+01,2.843547E+05,4.096224E-01,0.000000E+00,0.000000E+00,4.096224E-01,6.822615E+03,4.096224E-01,4.373246E+03,1.501816E+04
22:50:00,2.471599E+00,4.970515E+04,5.879423E-02,0.000000E+00,0.000000E+00,5.879423E-02,9.866440E+02,5.879423E-02,6.203290E+02,2.126406E+03,1.097741E+01,2.843547E+05,4.096224E-01,0.000000E+00,0.000000E+00,4.096224E-01,6.873998E+03,4.096224E-01,4.321863E+03,1.481478E+04
23:00:00,2.471599E+00,4.970515E+04,5.879423E-02,0.000000E+00,0.000000E+00,5.879423E-02,9.940192E+02,5.879423E-02,6.129539E+02,2.097369E+03,1.097741E+01,2.843547E+05,4.096224E-01,0.000000E+00,0.000000E+00,4.096224E-01,6.925381E+03,4.096224E-01,4.270480E+03,1.461247E+04
23:10:00,2.471599E+00,4.970515E+04,5.879423E-02,0.000000E+00,0.000000E+00,5.879423E-02,1.001394E+03,5.879423E-02,6.055787E+02,2.068485E+03,1.097741E+01,2.843547E+05,4.096224E-01,0.000000E+00,0.000000E+00,4.096224E-01,6.976764E+03,4.096224E-01,4.219097E+03,1.441124E+04
23:20:00,2.471599E+00,4.970515E+04,5.879423E-02,0.000000E+00,0.000000E+00,5.879423E-02,1.008769E+03,5.879423E-02,5.982036E+02,2.039754E+03,1.097741E+01,2.843547E+05,4.096224E-01,0.000000E+00,0.000000E+00,4.096224E-01,7.028147E+03,4.096224E-01,4.167714E+03,1.421107E+04
23:30:00,2.471599E+00,4.970515E+04,5.879423E-02,0.000000E+00,0.000000E+00,5.879423E-02,1.016145E+03,5.879423E-02,5.908284E+02,2.011176E+03,1.097741E+01,2.843547E+05,4.096224E-01,0.000000E+00,0.000000E+00,4.096224E-01,7.079530E+03,4.096224E-01,4.116331E+03,1.401196E+04
23:40:00,2.471599E+00,4.970515E+04,5.879423E-02,0.000000E+00,0.000000E+00,5.879423E-02,1.023520E+03,5.879423E-02,5.834533E+02,1.982748E+03,1.097741E+01,2.843547E+05,4.096224E-01,0.000000E+00,0.000000E+00,4.096224E-01,7.130913E+03,4.096224E-01,4.064948E+03,1.381391E+04
23:50:00,2.471599E+00,4.970515E+04,5.879423E-02,0.000000E+00,0.000000E+00,5.879423E-02,1.030895E+03,5.879423E-02,5.760782E+02,1.954471E+03,1.097741E+01,2.843547E+05,4.096224E-01,0.000000E+00,0.000000E+00,4.096224E-01,7.182296E+03,4.096224E-01,4.013565E+03,1.361690E+04
24:00:00,2.471599E+00,4.970515E+04,5.879423E-02,0.000000E+00,0.000000E+00,5.879423E-02,1.038270E+03,5.879423E-02,5.687030E+02,1.926342E+03,1.097741E+01,2.843547E+05,4.096224E-01,0.000000E+00,0.000000E+00,4.096224E-01,7.233679E+03,4.096224E-01,3.962182E+03,1.342092E+04
Coinc Peak   ,2.471599E+00,1.226619E+00,4.970515E+04,1.418596E+04,1.097741E+01,2.665965E+00,2.843547E+05,3.892984E+04
NonCoinc Peak,2.471599E+00,1.226619E+00,4.970515E+04,1.418596E+04,1.097741E+01,2.665965E+00,2.843547E+05,3.892984E+04
