Time,PSZ-AC_1:1:DesPer 1:Des Heat Mass Flow [kg/s],PSZ-AC_1:1:DesPer 1:Des Heat Cap [W],PSZ-AC_1:1:DesPer 1:Des Cool Mass Flow [kg/s],PSZ-AC_1:1:DesPer 1:Des Sens Cool Cap [W],PSZ-AC_1:1:DesPer 1:Des Tot Cool Cap [W],PSZ-AC_1:1:DesPer 2:Des Heat Mass Flow [kg/s],PSZ-AC_1:1:DesPer 2:Des Heat Cap [W],PSZ-AC_1:1:DesPer 2:Des Cool Mass Flow [kg/s],PSZ-AC_1:1:DesPer 2:Des Sens Cool Cap [W],PSZ-AC_1:1:DesPer 2:Des Tot Cool Cap [W],PSZ-AC_2:2:DesPer 1:Des Heat Mass Flow [kg/s],PSZ-AC_2:2:DesPer 1:Des Heat Cap [W],PSZ-AC_2:2:DesPer 1:Des Cool Mass Flow [kg/s],PSZ-AC_2:2:DesPer 1:Des Sens Cool Cap [W],PSZ-AC_2:2:DesPer 1:Des Tot Cool Cap [W],PSZ-AC_2:2:DesPer 2:Des Heat Mass Flow [kg/s],PSZ-AC_2:2:DesPer 2:Des Heat Cap [W],PSZ-AC_2:2:DesPer 2:Des Cool Mass Flow [kg/s],PSZ-AC_2:2:DesPer 2:Des Sens Cool Cap [W],PSZ-AC_2:2:DesPer 2:Des Tot Cool Cap [W]
00:15:00,9.827644E-01,5.984488E+04,9.827644E-01,0.000000E+00,0.000000E+00,9.827644E-01,1.751352E+04,1.110128E+00,1.077593E+04,3.394213E+04,8.495386E-01,5.173217E+04,8.495386E-01,0.000000E+00,0.000000E+00,8.495386E-01,1.513934E+04,8.495386E-01,8.080377E+03,2.731497E+04
00:30:00,9.827644E-01,5.984488E+04,9.827644E-01,0.000000E+00,0.000000E+00,9.827644E-01,1.767202E+04,1.100758E+00,1.051227E+04,3.327700E+04,8.495386E-01,5.173217E+04,8.495386E-01,0.000000E+00,0.000000E+00,8.495386E-01,1.527636E+04,8.495386E-01,7.943364E+03,2.679906E+04
00:45:00,9.827644E-01,5.984488E+04,9.827644E-01,0.000000E+00,0.000000E+00,9.827644E-01,1.783052E+04,1.091319E+00,1.024785E+04,3.251143E+04,8.495386E-01,5.173217E+04,8.495386E-01,0.000000E+00,0.000000E+00,8.495386E-01,1.541337E+04,8.495386E-01,7.806350E+03,2.628662E+04
01:00:00,9.827644E-01,5.984488E+04,9.827644E-01,0.000000E+00,0.000000E+00,9.827644E-01,1.798902E+04,1.081808E+00,9.982634E+03,3.173843E+04,8.495386E-01,5.173217E+04,8.495386E-01,0.000000E+00,0.000000E+00,8.495386E-01,1.555038E+04,8.495386E-01,7.669337E+03,2.577762E+04
01:15:00,9.827644E-01,5.984488E+04,9.827644E-01,0.000000E+00,0.000000E+00,9.827644E-01,1.809468E+04,9.827644E-01,8.766386E+03,2.942976E+04,8.495386E-01,5.173217E+04,8.495386E-01,0.000000E+00,0.000000E+00,8.495386E-01,1.564173E+04,8.495386E-01,7.577995E+03,2.544019E+04
01:30:00,9.827644E-01,5.984488E+04,9.827644E-01,0.000000E+00,0.000000E+00,9.827644E-01,1.820035E+04,9.827644E-01,8.660720E+03,2.904116E+04,8.495386E-01,5.173217E+04,8.495386E-01,0.000000E+00,0.000000E+00,8.495386E-01,1.573307E+04,8.495386E-01,7.486652E+03,2.510428E+04
01:45:00,9.827644E-01,5.984488E+04,9.827644E-01,0.000000E+00,0.000000E+00,9.827644E-01,1.830602E+04,9.827644E-01,8.555053E+03,2.865430E+04,8.495386E-01,5.173217E+04,8.495386E-01,0.000000E+00,0.000000E+00,8.495386E-01,1.582441E+04,8.495386E-01,7.395310E+03,2.476986E+04
02:00:00,9.827644E-01,5.984488E+04,9.827644E-01,0.000000E+00,0.000000E+00,9.827644E-01,1.841168E+04,9.827644E-01,8.449386E+03,2.826917E+04,8.495386E-01,5.173217E+04,8.495386E-01,0.000000E+00,0.000000E+00,8.495386E-01,1.591575E+04,8.495386E-01,7.303968E+03,2.443694E+04
02:15:00,9.827644E-01,5.984488E+04,9.827644E-01,0.000000E+00,0.000000E+00,9.827644E-01,1.849093E+04,9.827644E-01,8.370136E+03,2.798145E+04,8.495386E-01,5.173217E+04,8.495386E-01,0.000000E+00,0.000000E+00,8.495386E-01,1.598426E+04,8.495386E-01,7.235461E+03,2.418822E+04
02:30:00,9.827644E-01,5.984488E+04,9.827644E-01,0.000000E+00,0.000000E+00,9.827644E-01,1.857018E+04,9.827644E-01,8.290886E+03,2.769469E+04,8.495386E-01,5.173217E+04,8.495386E-01,0.000000E+00,0.000000E+00,8.495386E-01,1.605277E+04,8.495386E-01,7.166954E+03,2.394033E+04
02:45:00,9.827644E-01,5.984488E+04,9.827644E-01,0.000000E+00,0.000000E+00,9.827644E-01,1.864943E+04,9.827644E-01,8.211636E+03,2.740889E+04,8.495386E-01,5.173217E+04,8.495386E-01,0.000000E+00,0.000000E+00,8.495386E-01,1.612127E+04,8.495386E-01,7.098448E+03,2.369328E+04
03:00:00,9.827644E-01,5.984488E+04,9.827644E-01,0.000000E+00,0.000000E+00,9.827644E-01,1.872868E+04,9.827644E-01,8.132386E+03,2.712405E+04,8.495386E-01,5.173217E+04,8.495386E-01,0.000000E+00,0.000000E+00,8.495386E-01,1.618978E+04,8.495386E-01,7.029941E+03,2.344705E+04
03:15:00,9.827644E-01,5.984488E+04,9.827644E-01,0.000000E+00,0.000000E+00,9.827644E-01,1.880793E+04,9.827644E-01,8.053136E+03,2.684015E+04,8.495386E-01,5.173217E+04,8.495386E-01,0.000000E+00,0.000000E+00,8.495386E-01,1.625829E+04,8.495386E-01,6.961434E+03,2.320163E+04
03:30:00,9.827644E-01,5.984488E+04,9.827644E-01,0.000000E+00,0.000000E+00,9.827644E-01,1.888718E+04,9.827644E-01,7.973886E+03,2.655720E+04,8.495386E-01,5.173217E+04,8.495386E-01,0.000000E+00,0.000000E+00,8.495386E-01,1.632679E+04,8.495386E-01,6.892927E+03,2.295704E+04
03:45:00,9.827644E-01,5.984488E+04,9.827644E-01,0.000000E+00,0.000000E+00,9.827644E-01,1.896643E+04,9.827644E-01,7.894636E+03,2.627519E+04,8.495386E-01,5.173217E+04,8.495386E-01,0.000000E+00,0.000000E+00,8.495386E-01,1.639530E+04,8.495386E-01,6.824421E+03,2.271326E+04
04:00:00,9.827644E-01,5.984488E+04,9.827644E-01,0.000000E+00,0.000000E+00,9.827644E-01,1.904568E+04,9.827644E-01,7.815386E+03,2.599412E+04,8.495386E-01,5.173217E+04,8.495386E-01,0.000000E+00,0.000000E+00,8.495386E-01,1.646381E+04,8.495386E-01,6.755914E+03,2.247030E+04
04:15:00,9.827644E-01,5.984488E+04,9.827644E-01,0.000000E+00,0.000000E+00,9.827644E-01,1.909852E+04,9.827644E-01,7.762553E+03,2.580726E+04,8.495386E-01,5.173217E+04,8.495386E-01,0.000000E+00,0.000000E+00,8.495386E-01,1.650948E+04,8.495386E-01,6.710243E+03,2.230877E+04
04:30:00,9.827644E-01,5.984488E+04,9.827644E-01,0.000000E+00,0.000000E+00,9.827644E-01,1.915135E+04,9.827644E-01,7.709719E+03,2.562081E+04,8.495386E-01,5.173217E+04,8.495386E-01,0.000000E+00,0.000000E+00,8.495386E-01,1.655515E+04,8.495386E-01,6.664572E+03,2.214759E+04
04:45:00,9.827644E-01,5.984488E+04,9.827644E-01,0.000000E+00,0.000000E+00,9.827644E-01,1.920418E+04,9.827644E-01,7.656886E+03,2.543478E+04,8.495386E-01,5.173217E+04,8.495386E-01,0.000000E+00,0.000000E+00,8.495386E-01,1.660082E+04,8.495386E-01,6.618901E+03,2.198678E+04
05:00:00,9.827644E-01,5.984488E+04,9.827644E-01,0.000000E+00,0.000000E+00,9.827644E-01,1.925702E+04,9.827644E-01,7.604053E+03,2.524916E+04,8.495386E-01,5.173217E+04,8.495386E-01,0.000000E+00,0.000000E+00,8.495386E-01,1.664649E+04,8.495386E-01,6.573230E+03,2.182632E+04
05:15:00,9.827644E-01,5.984488E+04,9.827644E-01,0.000000E+00,0.000000E+00,9.827644E-01,1.920418E+04,9.827644E-01,7.656886E+03,2.543478E+04,8.495386E-01,5.173217E+04,8.495386E-01,0.000000E+00,0.000000E+00,8.495386E-01,1.660082E+04,8.495386E-01,6.618901E+03,2.198678E+04
05:30:00,9.827644E-01,5.984488E+04,9.827644E-01,0.000000E+00,0.000000E+00,9.827644E-01,1.915135E+04,9.827644E-01,7.709719E+03,2.562081E+04,8.495386E-01,5.173217E+04,8.495386E-01,0.000000E+00,0.000000E+00,8.495386E-01,1.655515E+04,8.495386E-01,6.664572E+03,2.214759E+04
05:45:00,9.827644E-01,5.984488E+04,9.827644E-01,0.000000E+00,0.000000E+00,9.827644E-01,1.909852E+04,9.827644E-01,7.762553E+03,2.580726E+04,8.495386E-01,5.173217E+04,8.495386E-01,0.000000E+00,0.000000E+00,8.495386E-01,1.650948E+04,8.495386E-01,6.710243E+03,2.230877E+04
06:00:00,9.827644E-01,5.984488E+04,9.827644E-01,0.000000E+00,0.000000E+00,9.827644E-01,1.904568E+04,1.205985E+00,1.038581E+04,2.998753E+04,8.495386E-01,5.173217E+04,8.495386E-01,0.000000E+00,0.000000E+00,8.495386E-01,1.646381E+04,8.495386E-01,6.755914E+03,2.247030E+04
06:15:00,9.827644E-01,5.984488E+04,9.827644E-01,0.000000E+00,0.000000E+00,9.827644E-01,1.886077E+04,1.233013E+00,1.081810E+04,3.107404E+04,8.495386E-01,5.173217E+04,8.495386E-01,0.000000E+00,0.000000E+00,8.495386E-01,1.630396E+04,8.495386E-01,6.915763E+03,2.303848E+04
06:30:00,9.827644E-01,5.984488E+04,9.827644E-01,0.000000E+00,0.000000E+00,9.827644E-01,1.867585E+04,1.213832E+00,1.078164E+04,3.140647E+04,8.495386E-01,5.173217E+04,8.495386E-01,0.000000E+00,0.000000E+00,8.495386E-01,1.614411E+04,8.495386E-01,7.075612E+03,2.361111E+04
06:45:00,9.827644E-01,5.984488E+04,9.827644E-01,0.000000E+00,0.000000E+00,9.827644E-01,1.849093E+04,1.204974E+00,1.086706E+04,3.192679E+04,8.495386E-01,5.173217E+04,8.495386E-01,0.000000E+00,0.000000E+00,8.495386E-01,1.598426E+04,8.495386E-01,7.235461E+03,2.418822E+04
07:00:00,9.827644E-01,5.984488E+04,9.827644E-01,0.000000E+00,0.000000E+00,9.827644E-01,1.830602E+04,1.201187E+00,1.100961E+04,3.253919E+04,8.495386E-01,5.173217E+04,8.495386E-01,0.000000E+00,0.000000E+00,8.495386E-01,1.582441E+04,8.495386E-01,7.395310E+03,2.476986E+04
07:15:00,9.827644E-01,5.984488E+04,9.827644E-01,0.000000E+00,0.000000E+00,9.827644E-01,1.785693E+04,1.200840E+00,1.145494E+04,3.419680E+04,8.495386E-01,5.173217E+04,8.495386E-01,0.000000E+00,0.000000E+00,8.495386E-01,1.543621E+04,8.495386E-01,7.783515E+03,2.620154E+04
07:30:00,9.827644E-01,5.984488E+04,9.827644E-01,0.000000E+00,0.000000E+00,9.827644E-01,1.740785E+04,1.202966E+00,1.192792E+04,3.593155E+04,8.495386E-01,5.173217E+04,8.495386E-01,0.000000E+00,0.000000E+00,8.495386E-01,1.504800E+04,8.495386E-01,8.171719E+03,2.766086E+04
07:45:00,9.827644E-01,5.984488E+04,9.827644E-01,0.000000E+00,0.000000E+00,9.827644E-01,1.695877E+04,1.206795E+00,1.242011E+04,3.772984E+04,8.495386E-01,5.173217E+04,8.495386E-01,0.000000E+00,0.000000E+00,8.495386E-01,1.465980E+04,8.495386E-01,8.559924E+03,2.914849E+04
08:00:00,9.827644E-01,5.984488E+04,9.827644E-01,0.000000E+00,0.000000E+00,9.827644E-01,1.650968E+04,1.212299E+00,1.293114E+04,3.959063E+04,8.495386E-01,5.173217E+04,8.495386E-01,0.000000E+00,0.000000E+00,8.495386E-01,1.427159E+04,8.495386E-01,8.948129E+03,3.066512E+04
08:15:00,9.827644E-01,5.984488E+04,9.827644E-01,0.000000E+00,0.000000E+00,9.827644E-01,1.600777E+04,1.218608E+00,1.350406E+04,4.097692E+04,8.495386E-01,5.173217E+04,8.495386E-01,0.000000E+00,0.000000E+00,8.495386E-01,1.383772E+04,8.495386E-01,9.382005E+03,3.176313E+04
08:30:00,9.827644E-01,5.984488E+04,9.827644E-01,0.000000E+00,0.000000E+00,9.827644E-01,1.550585E+04,1.225286E+00,1.408113E+04,4.161115E+04,8.495386E-01,5.173217E+04,8.495386E-01,0.000000E+00,0.000000E+00,8.495386E-01,1.340384E+04,8.495386E-01,9.815880E+03,3.221208E+04
08:45:00,9.827644E-01,5.984488E+04,9.827644E-01,0.000000E+00,0.000000E+00,9.827644E-01,1.500393E+04,1.232042E+00,1.465889E+04,4.224292E+04,8.495386E-01,5.173217E+04,8.495386E-01,0.000000E+00,0.000000E+00,8.495386E-01,1.296996E+04,8.495386E-01,1.024976E+04,3.266103E+04
09:00:00,9.827644E-01,5.984488E+04,9.827644E-01,0.000000E+00,0.000000E+00,9.827644E-01,1.450201E+04,1.237851E+00,1.522605E+04,4.285823E+04,8.495386E-01,5.173217E+04,8.495386E-01,0.000000E+00,0.000000E+00,8.495386E-01,1.253609E+04,8.495386E-01,1.068363E+04,3.310996E+04
09:15:00,9.827644E-01,5.984488E+04,9.827644E-01,0.000000E+00,0.000000E+00,9.827644E-01,1.405293E+04,1.242319E+00,1.572524E+04,4.339722E+04,8.495386E-01,5.173217E+04,8.495386E-01,0.000000E+00,0.000000E+00,8.495386E-01,1.214788E+04,8.495386E-01,1.107184E+04,3.351166E+04
09:30:00,9.827644E-01,5.984488E+04,9.827644E-01,0.000000E+00,0.000000E+00,9.827644E-01,1.360385E+04,1.245357E+00,1.620833E+04,4.391216E+04,8.495386E-01,5.173217E+04,8.495386E-01,0.000000E+00,0.000000E+00,8.495386E-01,1.175968E+04,8.495386E-01,1.146004E+04,3.391334E+04
09:45:00,9.827644E-01,5.984488E+04,9.827644E-01,0.000000E+00,0.000000E+00,9.827644E-01,1.315476E+04,1.246920E+00,1.667494E+04,4.440222E+04,8.495386E-01,5.173217E+04,8.495386E-01,0.000000E+00,0.000000E+00,8.495386E-01,1.137147E+04,8.495386E-01,1.184825E+04,3.431503E+04
10:00:00,9.827644E-01,5.984488E+04,9.827644E-01,0.000000E+00,0.000000E+00,9.827644E-01,1.270568E+04,1.247611E+00,1.713167E+04,4.487728E+04,8.495386E-01,5.173217E+04,8.495386E-01,0.000000E+00,0.000000E+00,8.495386E-01,1.098327E+04,8.495386E-01,1.223645E+04,3.471671E+04
10:15:00,9.827644E-01,5.984488E+04,9.827644E-01,0.000000E+00,0.000000E+00,9.827644E-01,1.230943E+04,1.247836E+00,1.753042E+04,4.528952E+04,8.495386E-01,5.173217E+04,8.495386E-01,0.000000E+00,0.000000E+00,8.495386E-01,1.064074E+04,8.495386E-01,1.257898E+04,3.507115E+04
10:30:00,9.827644E-01,5.984488E+04,9.827644E-01,0.000000E+00,0.000000E+00,9.827644E-01,1.191318E+04,1.248479E+00,1.793389E+04,4.570759E+04,8.495386E-01,5.173217E+04,8.495386E-01,0.000000E+00,0.000000E+00,8.495386E-01,1.029820E+04,8.495386E-01,1.292152E+04,3.542557E+04
10:45:00,9.827644E-01,5.984488E+04,9.827644E-01,0.000000E+00,0.000000E+00,9.827644E-01,1.151693E+04,1.250616E+00,1.835401E+04,4.614879E+04,8.495386E-01,5.173217E+04,8.495386E-01,0.000000E+00,0.000000E+00,8.495386E-01,9.955668E+03,8.495386E-01,1.326405E+04,3.578000E+04
11:00:00,9.827644E-01,5.984488E+04,9.827644E-01,0.000000E+00,0.000000E+00,9.827644E-01,1.112068E+04,1.254770E+00,1.879673E+04,4.662197E+04,8.495386E-01,5.173217E+04,8.495386E-01,0.000000E+00,0.000000E+00,8.495386E-01,9.613135E+03,8.495386E-01,1.360659E+04,3.613444E+04
11:15:00,9.827644E-01,5.984488E+04,9.827644E-01,0.000000E+00,0.000000E+00,9.827644E-01,1.085651E+04,1.260929E+00,1.912990E+04,4.699248E+04,8.495386E-01,5.173217E+04,8.495386E-01,0.000000E+00,0.000000E+00,8.495386E-01,9.384779E+03,8.495386E-01,1.383494E+04,3.637071E+04
11:30:00,9.827644E-01,5.984488E+04,9.827644E-01,0.000000E+00,0.000000E+00,9.827644E-01,1.059235E+04,1.268808E+00,1.948219E+04,4.739267E+04,8.495386E-01,5.173217E+04,8.495386E-01,0.000000E+00,0.000000E+00,8.495386E-01,9.156423E+03,8.495386E-01,1.406330E+04,3.660700E+04
11:45:00,9.827644E-01,5.984488E+04,9.827644E-01,0.000000E+00,0.000000E+00,9.827644E-01,1.032818E+04,1.276827E+00,1.983608E+04,4.779482E+04,8.495386E-01,5.173217E+04,8.495386E-01,0.000000E+00,0.000000E+00,8.495386E-01,8.928068E+03,8.495386E-01,1.429165E+04,3.684329E+04
12:00:00,9.827644E-01,5.984488E+04,9.827644E-01,0.000000E+00,0.000000E+00,9.827644E-01,1.006401E+04,1.284136E+00,2.018202E+04,4.818662E+04,8.495386E-01,5.173217E+04,8.495386E-01,0.000000E+00,0.000000E+00,8.495386E-01,8.699712E+03,8.495386E-01,1.452001E+04,3.707957E+04
12:15:00,9.827644E-01,5.984488E+04,9.827644E-01,0.000000E+00,0.000000E+00,9.827644E-01,9.852680E+03,1.291234E+00,2.047260E+04,4.852104E+04,8.495386E-01,5.173217E+04,8.495386E-01,0.000000E+00,0.000000E+00,8.495386E-01,8.517027E+03,8.495386E-01,1.470269E+04,3.726861E+04
12:30:00,9.827644E-01,5.984488E+04,9.827644E-01,0.000000E+00,0.000000E+00,9.827644E-01,9.641346E+03,1.297274E+00,2.075120E+04,4.883454E+04,8.495386E-01,5.173217E+04,8.495386E-01,0.000000E+00,0.000000E+00,8.495386E-01,8.334343E+03,8.495386E-01,1.488538E+04,3.745764E+04
12:45:00,9.827644E-01,5.984488E+04,9.827644E-01,0.000000E+00,0.000000E+00,9.827644E-01,9.430013E+03,1.302308E+00,2.101857E+04,4.913322E+04,8.495386E-01,5.173217E+04,8.495386E-01,0.000000E+00,0.000000E+00,8.495386E-01,8.151658E+03,8.495386E-01,1.506806E+04,3.764666E+04
13:00:00,9.827644E-01,5.984488E+04,9.827644E-01,0.000000E+00,0.000000E+00,9.827644E-01,9.218679E+03,1.306605E+00,2.127764E+04,4.942162E+04,8.495386E-01,5.173217E+04,8.495386E-01,0.000000E+00,0.000000E+00,8.495386E-01,7.968974E+03,8.495386E-01,1.525075E+04,3.783569E+04
13:15:00,9.827644E-01,5.984488E+04,9.827644E-01,0.000000E+00,0.000000E+00,9.827644E-01,9.086596E+03,1.310097E+00,2.144859E+04,4.961613E+04,8.495386E-01,5.173217E+04,8.495386E-01,0.000000E+00,0.000000E+00,8.495386E-01,7.854796E+03,8.495386E-01,1.536492E+04,3.795383E+04
13:30:00,9.827644E-01,5.984488E+04,9.827644E-01,0.000000E+00,0.000000E+00,9.827644E-01,8.954513E+03,1.313980E+00,2.162378E+04,4.981345E+04,8.495386E-01,5.173217E+04,8.495386E-01,0.000000E+00,0.000000E+00,8.495386E-01,7.740618E+03,8.495386E-01,1.547910E+04,3.807198E+04
13:45:00,9.827644E-01,5.984488E+04,9.827644E-01,0.000000E+00,0.000000E+00,9.827644E-01,8.822429E+03,1.319570E+00,2.181799E+04,5.003630E+04,8.495386E-01,5.173217E+04,8.495386E-01,0.000000E+00,0.000000E+00,8.495386E-01,7.626440E+03,8.495386E-01,1.559328E+04,3.819012E+04
14:00:00,9.827644E-01,5.984488E+04,9.827644E-01,0.000000E+00,0.000000E+00,9.827644E-01,8.690346E+03,1.327585E+00,2.203932E+04,5.029724E+04,8.495386E-01,5.173217E+04,8.495386E-01,0.000000E+00,0.000000E+00,8.495386E-01,7.512262E+03,8.495386E-01,1.570746E+04,3.830827E+04
14:15:00,9.827644E-01,5.984488E+04,9.827644E-01,0.000000E+00,0.000000E+00,9.827644E-01,8.690346E+03,1.337537E+00,2.215023E+04,5.045127E+04,8.495386E-01,5.173217E+04,8.495386E-01,0.000000E+00,0.000000E+00,8.495386E-01,7.512262E+03,8.495386E-01,1.570746E+04,3.830827E+04
14:30:00,9.827644E-01,5.984488E+04,9.827644E-01,0.000000E+00,0.000000E+00,9.827644E-01,8.690346E+03,1.348461E+00,2.227268E+04,5.061521E+04,8.495386E-01,5.173217E+04,8.495386E-01,0.000000E+00,0.000000E+00,8.495386E-01,7.512262E+03,8.495386E-01,1.570746E+04,3.830827E+04
14:45:00,9.827644E-01,5.984488E+04,9.827644E-01,0.000000E+00,0.000000E+00,9.827644E-01,8.690346E+03,1.359827E+00,2.240071E+04,5.079628E+04,8.495386E-01,5.173217E+04,8.495386E-01,0.000000E+00,0.000000E+00,8.495386E-01,7.512262E+03,8.495386E-01,1.570746E+04,3.830827E+04
15:00:00,9.827644E-01,5.984488E+04,9.827644E-01,0.000000E+00,0.000000E+00,9.827644E-01,8.690346E+03,1.371023E+00,2.252707E+04,5.097280E+04,8.495386E-01,5.173217E+04,8.495386E-01,0.000000E+00,0.000000E+00,8.495386E-01,7.512262E+03,8.495386E-01,1.570746E+04,3.830827E+04
15:15:00,9.827644E-01,5.984488E+04,9.827644E-01,0.000000E+00,0.000000E+00,9.827644E-01,8.848846E+03,1.380716E+00,2.247851E+04,5.096103E+04,8.495386E-01,5.173217E+04,8.495386E-01,0.000000E+00,0.000000E+00,8.495386E-01,7.649276E+03,8.495386E-01,1.557044E+04,3.816649E+04
15:30:00,9.827644E-01,5.984488E+04,9.827644E-01,0.000000E+00,0.000000E+00,9.827644E-01,9.007346E+03,1.389117E+00,2.241550E+04,5.093395E+04,8.495386E-01,5.173217E+04,8.495386E-01,0.000000E+00,0.000000E+00,8.495386E-01,7.786289E+03,8.495386E-01,1.543343E+04,3.802473E+04
15:45:00,9.827644E-01,5.984488E+04,9.827644E-01,0.000000E+00,0.000000E+00,9.827644E-01,9.165846E+03,1.395677E+00,2.233144E+04,5.087676E+04,8.495386E-01,5.173217E+04,8.495386E-01,0.000000E+00,0.000000E+00,8.495386E-01,7.923303E+03,8.495386E-01,1.529642E+04,3.788295E+04
16:00:00,9.827644E-01,5.984488E+04,9.827644E-01,0.000000E+00,0.000000E+00,9.827644E-01,9.324346E+03,1.399844E+00,2.222043E+04,5.078108E+04,8.495386E-01,5.173217E+04,8.495386E-01,0.000000E+00,0.000000E+00,8.495386E-01,8.060316E+03,8.495386E-01,1.515940E+04,3.774118E+04
16:15:00,9.827644E-01,5.984488E+04,9.827644E-01,0.000000E+00,0.000000E+00,9.827644E-01,9.535679E+03,1.402417E+00,2.203830E+04,5.060652E+04,8.495386E-01,5.173217E+04,8.495386E-01,0.000000E+00,0.000000E+00,8.495386E-01,8.243001E+03,8.495386E-01,1.497672E+04,3.755215E+04
16:30:00,9.827644E-01,5.984488E+04,9.827644E-01,0.000000E+00,0.000000E+00,9.827644E-01,9.747013E+03,1.403174E+00,2.183581E+04,5.040408E+04,8.495386E-01,5.173217E+04,8.495386E-01,0.000000E+00,0.000000E+00,8.495386E-01,8.425685E+03,8.495386E-01,1.479403E+04,3.736312E+04
16:45:00,9.827644E-01,5.984488E+04,9.827644E-01,0.000000E+00,0.000000E+00,9.827644E-01,9.958346E+03,1.402570E+00,2.161813E+04,5.017981E+04,8.495386E-01,5.173217E+04,8.495386E-01,0.000000E+00,0.000000E+00,8.495386E-01,8.608370E+03,8.495386E-01,1.461135E+04,3.717409E+04
17:00:00,9.827644E-01,5.984488E+04,9.827644E-01,0.000000E+00,0.000000E+00,9.827644E-01,1.016968E+04,1.400856E+00,2.138799E+04,4.993753E+04,8.495386E-01,5.173217E+04,8.495386E-01,0.000000E+00,0.000000E+00,8.495386E-01,8.791054E+03,8.495386E-01,1.442867E+04,3.698507E+04
17:15:00,9.827644E-01,5.984488E+04,9.827644E-01,0.000000E+00,0.000000E+00,9.827644E-01,1.043385E+04,1.397985E+00,2.109200E+04,4.962336E+04,8.495386E-01,5.173217E+04,8.495386E-01,0.000000E+00,0.000000E+00,8.495386E-01,9.019410E+03,8.495386E-01,1.420031E+04,3.674878E+04
17:30:00,9.827644E-01,5.984488E+04,9.827644E-01,0.000000E+00,0.000000E+00,9.827644E-01,1.069801E+04,1.393656E+00,2.077957E+04,4.928840E+04,8.495386E-01,5.173217E+04,8.495386E-01,0.000000E+00,0.000000E+00,8.495386E-01,9.247766E+03,8.495386E-01,1.397195E+04,3.651249E+04
17:45:00,9.827644E-01,5.984488E+04,9.827644E-01,0.000000E+00,0.000000E+00,9.827644E-01,1.096218E+04,1.387503E+00,2.044659E+04,4.892474E+04,8.495386E-01,5.173217E+04,8.495386E-01,0.000000E+00,0.000000E+00,8.495386E-01,9.476121E+03,8.495386E-01,1.374360E+04,3.627620E+04
18:00:00,9.827644E-01,5.984488E+04,9.827644E-01,0.000000E+00,0.000000E+00,9.827644E-01,1.122635E+04,1.379267E+00,2.009017E+04,4.852781E+04,8.495386E-01,5.173217E+04,8.495386E-01,0.000000E+00,0.000000E+00,8.495386E-01,9.704477E+03,8.495386E-01,1.351524E+04,3.603991E+04
18:15:00,9.827644E-01,5.984488E+04,9.827644E-01,0.000000E+00,0.000000E+00,9.827644E-01,1.162260E+04,1.368286E+00,1.957099E+04,4.795324E+04,8.495386E-01,5.173217E+04,8.495386E-01,0.000000E+00,0.000000E+00,8.495386E-01,1.004701E+04,8.495386E-01,1.317271E+04,3.568549E+04
18:30:00,9.827644E-01,5.984488E+04,9.827644E-01,0.000000E+00,0.000000E+00,9.827644E-01,1.201885E+04,1.354571E+00,1.902088E+04,4.733505E+04,8.495386E-01,5.173217E+04,8.495386E-01,0.000000E+00,0.000000E+00,8.495386E-01,1.038954E+04,8.495386E-01,1.283018E+04,3.533106E+04
18:45:00,9.827644E-01,5.984488E+04,9.827644E-01,0.000000E+00,0.000000E+00,9.827644E-01,1.241510E+04,1.337311E+00,1.843085E+04,4.665931E+04,8.495386E-01,5.173217E+04,8.495386E-01,0.000000E+00,0.000000E+00,8.495386E-01,1.073208E+04,8.495386E-01,1.248764E+04,3.497663E+04
19:00:00,9.827644E-01,5.984488E+04,9.827644E-01,0.000000E+00,0.000000E+00,9.827644E-01,1.281135E+04,1.316611E+00,1.780213E+04,4.592483E+04,8.495386E-01,5.173217E+04,8.495386E-01,0.000000E+00,0.000000E+00,8.495386E-01,1.107461E+04,8.495386E-01,1.214511E+04,3.462220E+04
19:15:00,9.827644E-01,5.984488E+04,9.827644E-01,0.000000E+00,0.000000E+00,9.827644E-01,1.310193E+04,1.295879E+00,1.727842E+04,4.528834E+04,8.495386E-01,5.173217E+04,8.495386E-01,0.000000E+00,0.000000E+00,8.495386E-01,1.132580E+04,8.495386E-01,1.189392E+04,3.436228E+04
19:30:00,9.827644E-01,5.984488E+04,9.827644E-01,0.000000E+00,0.000000E+00,9.827644E-01,1.339251E+04,1.276628E+00,1.677129E+04,4.466893E+04,8.495386E-01,5.173217E+04,8.495386E-01,0.000000E+00,0.000000E+00,8.495386E-01,1.157699E+04,8.495386E-01,1.164273E+04,3.410237E+04
19:45:00,9.827644E-01,5.984488E+04,9.827644E-01,0.000000E+00,0.000000E+00,9.827644E-01,1.368310E+04,1.260491E+00,1.629904E+04,4.409780E+04,8.495386E-01,5.173217E+04,8.495386E-01,0.000000E+00,0.000000E+00,8.495386E-01,1.182819E+04,8.495386E-01,1.139153E+04,3.384245E+04
20:00:00,9.827644E-01,5.984488E+04,9.827644E-01,0.000000E+00,0.000000E+00,9.827644E-01,1.397368E+04,1.248135E+00,1.586909E+04,4.359021E+04,8.495386E-01,5.173217E+04,8.495386E-01,0.000000E+00,0.000000E+00,8.495386E-01,1.207938E+04,8.495386E-01,1.114034E+04,3.358254E+04
20:15:00,9.827644E-01,5.984488E+04,9.827644E-01,0.000000E+00,0.000000E+00,9.827644E-01,1.421143E+04,1.237348E+00,1.550963E+04,4.316425E+04,8.495386E-01,5.173217E+04,8.495386E-01,0.000000E+00,0.000000E+00,8.495386E-01,1.228490E+04,8.495386E-01,1.093482E+04,3.336988E+04
20:30:00,9.827644E-01,5.984488E+04,9.827644E-01,0.000000E+00,0.000000E+00,9.827644E-01,1.444918E+04,1.227307E+00,1.515862E+04,4.275064E+04,8.495386E-01,5.173217E+04,8.495386E-01,0.000000E+00,0.000000E+00,8.495386E-01,1.249042E+04,8.495386E-01,1.072930E+04,3.315723E+04
20:45:00,9.827644E-01,5.984488E+04,9.827644E-01,0.000000E+00,0.000000E+00,9.827644E-01,1.468693E+04,1.217583E+00,1.481133E+04,4.234199E+04,8.495386E-01,5.173217E+04,8.495386E-01,0.000000E+00,0.000000E+00,8.495386E-01,1.269594E+04,8.495386E-01,1.052378E+04,3.294457E+04
21:00:00,9.827644E-01,5.984488E+04,9.827644E-01,0.000000E+00,0.000000E+00,9.827644E-01,1.492468E+04,1.208348E+00,1.446961E+04,4.193908E+04,8.495386E-01,5.173217E+04,8.495386E-01,0.000000E+00,0.000000E+00,8.495386E-01,1.290146E+04,8.495386E-01,1.031826E+04,3.273191E+04
21:15:00,9.827644E-01,5.984488E+04,9.827644E-01,0.000000E+00,0.000000E+00,9.827644E-01,1.516243E+04,1.199461E+00,1.413174E+04,4.154251E+04,8.495386E-01,5.173217E+04,8.495386E-01,0.000000E+00,0.000000E+00,8.495386E-01,1.310698E+04,8.495386E-01,1.011274E+04,3.251925E+04
21:30:00,9.827644E-01,5.984488E+04,9.827644E-01,0.000000E+00,0.000000E+00,9.827644E-01,1.540018E+04,1.190857E+00,1.379705E+04,4.115024E+04,8.495386E-01,5.173217E+04,8.495386E-01,0.000000E+00,0.000000E+00,8.495386E-01,1.331250E+04,8.495386E-01,9.907223E+03,3.230659E+04
21:45:00,9.827644E-01,5.984488E+04,9.827644E-01,0.000000E+00,0.000000E+00,9.827644E-01,1.563793E+04,1.182518E+00,1.346533E+04,4.076239E+04,8.495386E-01,5.173217E+04,8.495386E-01,0.000000E+00,0.000000E+00,8.495386E-01,1.351802E+04,8.495386E-01,9.701703E+03,3.209394E+04
22:00:00,9.827644E-01,5.984488E+04,9.827644E-01,0.000000E+00,0.000000E+00,9.827644E-01,1.587568E+04,1.174090E+00,1.313276E+04,4.037222E+04,8.495386E-01,5.173217E+04,8.495386E-01,0.000000E+00,0.000000E+00,8.495386E-01,1.372354E+04,8.495386E-01,9.496182E+03,3.188128E+04
22:15:00,9.827644E-01,5.984488E+04,9.827644E-01,0.000000E+00,0.000000E+00,9.827644E-01,1.606060E+04,1.165925E+00,1.285613E+04,4.004044E+04,8.495386E-01,5.173217E+04,8.495386E-01,0.000000E+00,0.000000E+00,8.495386E-01,1.388339E+04,8.495386E-01,9.336333E+03,3.171588E+04
22:30:00,9.827644E-01,5.984488E+04,9.827644E-01,0.000000E+00,0.000000E+00,9.827644E-01,1.624552E+04,1.158126E+00,1.258367E+04,3.971424E+04,8.495386E-01,5.173217E+04,8.495386E-01,0.000000E+00,0.000000E+00,8.495386E-01,1.404324E+04,8.495386E-01,9.176485E+03,3.155048E+04
22:45:00,9.827644E-01,5.984488E+04,9.827644E-01,0.000000E+00,0.000000E+00,9.827644E-01,1.643043E+04,1.150685E+00,1.231523E+04,3.887225E+04,8.495386E-01,5.173217E+04,8.495386E-01,0.000000E+00,0.000000E+00,8.495386E-01,1.420308E+04,8.495386E-01,9.016636E+03,3.093582E+04
23:00:00,9.827644E-01,5.984488E+04,9.827644E-01,0.000000E+00,0.000000E+00,9.827644E-01,1.661535E+04,1.143588E+00,1.205066E+04,3.801528E+04,8.495386E-01,5.173217E+04,8.495386E-01,0.000000E+00,0.000000E+00,8.495386E-01,1.436293E+04,8.495386E-01,8.856787E+03,3.030562E+04
23:15:00,9.827644E-01,5.984488E+04,9.827644E-01,0.000000E+00,0.000000E+00,9.827644E-01,1.680027E+04,1.137026E+00,1.179209E+04,3.717263E+04,8.495386E-01,5.173217E+04,8.495386E-01,0.000000E+00,0.000000E+00,8.495386E-01,1.452278E+04,8.495386E-01,8.696938E+03,2.968042E+04
23:30:00,9.827644E-01,5.984488E+04,9.827644E-01,0.000000E+00,0.000000E+00,9.827644E-01,1.698518E+04,1.130851E+00,1.153766E+04,3.634163E+04,8.495386E-01,5.173217E+04,8.495386E-01,0.000000E+00,0.000000E+00,8.495386E-01,1.468263E+04,8.495386E-01,8.537089E+03,2.906019E+04
23:45:00,9.827644E-01,5.984488E+04,9.827644E-01,0.000000E+00,0.000000E+00,9.827644E-01,1.717010E+04,1.124915E+00,1.128585E+04,3.552050E+04,8.495386E-01,5.173217E+04,8.495386E-01,0.000000E+00,0.000000E+00,8.495386E-01,1.484248E+04,8.495386E-01,8.377240E+03,2.844486E+04
24:00:00,9.827644E-01,5.984488E+04,9.827644E-01,0.000000E+00,0.000000E+00,9.827644E-01,1.735502E+04,1.119163E+00,1.103608E+04,3.470880E+04,8.495386E-01,5.173217E+04,8.495386E-01,0.000000E+00,0.000000E+00,8.495386E-01,1.500233E+04,8.495386E-01,8.217391E+03,2.783440E+04
Coinc Peak   ,9.827644E-01,1.403174E+00,5.984488E+04,2.183581E+04,8.495386E-01,8.495386E-01,5.173217E+04,6.755914E+03
NonCoinc Peak,9.827644E-01,1.403174E+00,5.984488E+04,2.183581E+04,8.495386E-01,8.495386E-01,5.173217E+04,6.755914E+03
