Time,CAV_1:DesPer 1:Des Heat Mass Flow [kg/s],CAV_1:DesPer 1:Des Heat Cap [W],CAV_1:DesPer 1:Des Cool Mass Flow [kg/s],CAV_1:DesPer 1:Des Sens Cool Cap [W],CAV_1:DesPer 1:Des Tot Cool Cap [W],CAV_1:DesPer 2:Des Heat Mass Flow [kg/s],CAV_1:DesPer 2:Des Heat Cap [W],CAV_1:DesPer 2:Des Cool Mass Flow [kg/s],CAV_1:DesPer 2:Des Sens Cool Cap [W],CAV_1:DesPer 2:Des Tot Cool Cap [W],CAV_2:DesPer 1:Des Heat Mass Flow [kg/s],CAV_2:DesPer 1:Des Heat Cap [W],CAV_2:DesPer 1:Des Cool Mass Flow [kg/s],CAV_2:DesPer 1:Des Sens Cool Cap [W],CAV_2:DesPer 1:Des Tot Cool Cap [W],CAV_2:DesPer 2:Des Heat Mass Flow [kg/s],CAV_2:DesPer 2:Des Heat Cap [W],CAV_2:DesPer 2:Des Cool Mass Flow [kg/s],CAV_2:DesPer 2:Des Sens Cool Cap [W],CAV_2:DesPer 2:Des Tot Cool Cap [W],VAV_1:DesPer 1:Des Heat Mass Flow [kg/s],VAV_1:DesPer 1:Des Heat Cap [W],VAV_1:DesPer 1:Des Cool Mass Flow [kg/s],VAV_1:DesPer 1:Des Sens Cool Cap [W],VAV_1:DesPer 1:Des Tot Cool Cap [W],VAV_1:DesPer 2:Des Heat Mass Flow [kg/s],VAV_1:DesPer 2:Des Heat Cap [W],VAV_1:DesPer 2:Des Cool Mass Flow [kg/s],VAV_1:DesPer 2:Des Sens Cool Cap [W],VAV_1:DesPer 2:Des Tot Cool Cap [W],VAV_2:DesPer 1:Des Heat Mass Flow [kg/s],VAV_2:DesPer 1:Des Heat Cap [W],VAV_2:DesPer 1:Des Cool Mass Flow [kg/s],VAV_2:DesPer 1:Des Sens Cool Cap [W],VAV_2:DesPer 1:Des Tot Cool Cap [W],VAV_2:DesPer 2:Des Heat Mass Flow [kg/s],VAV_2:DesPer 2:Des Heat Cap [W],VAV_2:DesPer 2:Des Cool Mass Flow [kg/s],VAV_2:DesPer 2:Des Sens Cool Cap [W],VAV_2:DesPer 2:Des Tot Cool Cap [W]
00:15:00,4.925607E+00,1.799502E+05,1.795181E+01,5.273113E+04,0.000000E+00,4.895949E+00,0.000000E+00,1.795181E+01,2.708325E+05,4.456394E+05,3.119591E+00,1.114320E+05,1.410469E+01,7.344377E+04,0.000000E+00,2.991909E+00,0.000000E+00,1.410469E+01,2.127575E+05,3.128611E+05,6.298991E+00,2.247957E+05,1.077504E+01,0.000000E+00,0.000000E+00,6.091895E+00,0.000000E+00,1.116921E+01,1.757340E+05,3.565743E+05,1.207512E+01,4.158700E+05,3.263934E+01,3.163756E+04,0.000000E+00,1.115719E+01,0.000000E+00,3.308189E+01,5.547151E+05,9.128048E+05
00:30:00,4.925655E+00,1.799500E+05,1.795181E+01,5.269502E+04,0.000000E+00,4.895949E+00,0.000000E+00,1.795181E+01,2.700438E+05,4.424918E+05,3.119861E+00,1.114347E+05,1.410469E+01,7.344227E+04,0.000000E+00,2.991909E+00,0.000000E+00,1.410469E+01,2.122755E+05,3.108378E+05,6.302761E+00,2.248086E+05,1.077729E+01,0.000000E+00,0.000000E+00,6.091895E+00,0.000000E+00,1.116786E+01,1.747233E+05,3.529712E+05,1.208608E+01,4.159290E+05,3.263934E+01,3.164187E+04,0.000000E+00,1.115719E+01,0.000000E+00,3.307610E+01,5.528267E+05,9.060686E+05
00:45:00,4.925698E+00,1.799499E+05,1.795181E+01,5.266098E+04,0.000000E+00,4.895949E+00,0.000000E+00,1.795181E+01,2.692550E+05,4.393651E+05,3.120102E+00,1.114372E+05,1.410469E+01,7.344993E+04,0.000000E+00,2.991909E+00,0.000000E+00,1.410469E+01,2.117935E+05,3.088346E+05,6.306311E+00,2.248207E+05,1.077955E+01,0.000000E+00,0.000000E+00,6.091895E+00,0.000000E+00,1.117002E+01,1.737736E+05,3.494695E+05,1.209661E+01,4.159856E+05,3.263934E+01,3.164660E+04,0.000000E+00,1.115719E+01,0.000000E+00,3.307082E+01,5.509504E+05,8.994128E+05
01:00:00,4.925737E+00,1.799497E+05,1.795181E+01,5.262868E+04,0.000000E+00,4.895949E+00,0.000000E+00,1.795181E+01,2.684663E+05,4.362545E+05,3.120321E+00,1.114395E+05,1.410469E+01,7.346487E+04,0.000000E+00,2.991909E+00,0.000000E+00,1.410469E+01,2.113115E+05,3.068483E+05,6.309607E+00,2.248360E+05,1.078181E+01,0.000000E+00,0.000000E+00,6.091895E+00,0.000000E+00,1.117236E+01,1.728274E+05,3.459914E+05,1.210675E+01,4.160400E+05,3.263934E+01,3.165168E+04,0.000000E+00,1.115719E+01,0.000000E+00,3.306595E+01,5.490834E+05,8.928284E+05
01:15:00,4.925773E+00,1.799496E+05,1.795181E+01,5.259782E+04,0.000000E+00,4.895949E+00,0.000000E+00,1.795181E+01,2.679408E+05,4.341249E+05,3.120523E+00,1.114415E+05,1.410469E+01,7.348561E+04,0.000000E+00,2.991909E+00,0.000000E+00,1.410469E+01,2.109903E+05,3.054672E+05,6.312585E+00,2.248503E+05,1.078408E+01,0.000000E+00,0.000000E+00,6.091895E+00,0.000000E+00,1.117497E+01,1.722145E+05,3.437426E+05,1.211652E+01,4.160921E+05,3.263934E+01,3.165315E+04,0.000000E+00,1.115719E+01,0.000000E+00,3.306149E+01,5.478258E+05,8.885154E+05
01:30:00,4.925807E+00,1.799495E+05,1.795181E+01,5.256817E+04,0.000000E+00,4.895949E+00,0.000000E+00,1.795181E+01,2.674152E+05,4.320676E+05,3.120711E+00,1.114435E+05,1.410469E+01,7.351100E+04,0.000000E+00,2.991909E+00,0.000000E+00,1.410469E+01,2.106691E+05,3.041248E+05,6.315442E+00,2.248642E+05,1.078634E+01,0.000000E+00,0.000000E+00,6.091895E+00,0.000000E+00,1.117777E+01,1.716049E+05,3.415162E+05,1.212592E+01,4.161423E+05,3.263934E+01,3.165485E+04,0.000000E+00,1.115719E+01,0.000000E+00,3.305735E+01,5.465748E+05,8.842566E+05
01:45:00,4.925838E+00,1.799494E+05,1.795181E+01,5.253955E+04,0.000000E+00,4.895949E+00,0.000000E+00,1.795181E+01,2.668896E+05,4.300512E+05,3.120888E+00,1.114453E+05,1.410469E+01,7.354014E+04,0.000000E+00,2.991909E+00,0.000000E+00,1.410469E+01,2.103479E+05,3.028061E+05,6.318189E+00,2.248779E+05,1.078859E+01,0.000000E+00,0.000000E+00,6.091895E+00,0.000000E+00,1.118071E+01,1.709982E+05,3.393066E+05,1.213499E+01,4.161906E+05,3.263934E+01,3.165676E+04,0.000000E+00,1.115719E+01,0.000000E+00,3.305347E+01,5.453296E+05,8.800433E+05
02:00:00,4.925867E+00,1.799493E+05,1.795181E+01,5.251180E+04,0.000000E+00,4.895949E+00,0.000000E+00,1.795181E+01,2.663640E+05,4.280599E+05,3.121055E+00,1.114470E+05,1.410469E+01,7.357229E+04,0.000000E+00,2.991909E+00,0.000000E+00,1.410469E+01,2.100266E+05,3.015034E+05,6.320878E+00,2.248872E+05,1.079084E+01,0.000000E+00,0.000000E+00,6.091895E+00,0.000000E+00,1.118379E+01,1.703940E+05,3.371104E+05,1.214373E+01,4.162370E+05,3.263934E+01,3.165885E+04,0.000000E+00,1.115719E+01,0.000000E+00,3.304985E+01,5.440894E+05,8.758694E+05
02:15:00,4.925895E+00,1.799491E+05,1.795181E+01,5.248479E+04,0.000000E+00,4.895949E+00,0.000000E+00,1.795181E+01,2.659699E+05,4.265609E+05,3.121214E+00,1.114486E+05,1.410469E+01,7.360686E+04,0.000000E+00,2.991909E+00,0.000000E+00,1.410469E+01,2.097857E+05,3.005028E+05,6.323690E+00,2.248969E+05,1.079308E+01,0.000000E+00,0.000000E+00,6.091895E+00,0.000000E+00,1.118689E+01,1.699541E+05,3.355161E+05,1.215216E+01,4.162817E+05,3.263934E+01,3.166109E+04,0.000000E+00,1.115719E+01,0.000000E+00,3.304642E+01,5.431532E+05,8.728149E+05
02:30:00,4.925922E+00,1.799490E+05,1.795181E+01,5.245842E+04,0.000000E+00,4.895949E+00,0.000000E+00,1.795181E+01,2.655757E+05,4.251036E+05,3.121365E+00,1.114502E+05,1.410469E+01,7.364339E+04,0.000000E+00,2.991909E+00,0.000000E+00,1.410469E+01,2.095448E+05,2.995246E+05,6.326487E+00,2.249065E+05,1.079531E+01,0.000000E+00,0.000000E+00,6.091895E+00,0.000000E+00,1.119000E+01,1.695147E+05,3.339317E+05,1.216029E+01,4.163247E+05,3.263934E+01,3.166347E+04,0.000000E+00,1.115719E+01,0.000000E+00,3.304317E+01,5.422207E+05,8.697920E+05
02:45:00,4.925948E+00,1.799489E+05,1.795181E+01,5.243260E+04,0.000000E+00,4.895949E+00,0.000000E+00,1.795181E+01,2.651815E+05,4.236706E+05,3.121510E+00,1.114517E+05,1.410469E+01,7.368148E+04,0.000000E+00,2.991909E+00,0.000000E+00,1.410469E+01,2.093039E+05,2.985606E+05,6.329332E+00,2.249208E+05,1.079753E+01,0.000000E+00,0.000000E+00,6.091895E+00,0.000000E+00,1.119313E+01,1.690755E+05,3.323544E+05,1.216814E+01,4.163661E+05,3.263934E+01,3.166597E+04,0.000000E+00,1.115719E+01,0.000000E+00,3.304009E+01,5.412914E+05,8.667958E+05
03:00:00,4.925972E+00,1.799489E+05,1.795181E+01,5.240725E+04,0.000000E+00,4.895949E+00,0.000000E+00,1.795181E+01,2.647873E+05,4.222524E+05,3.121649E+00,1.114531E+05,1.410469E+01,7.372085E+04,0.000000E+00,2.991909E+00,0.000000E+00,1.410469E+01,2.090629E+05,2.976062E+05,6.332258E+00,2.249354E+05,1.079973E+01,0.000000E+00,0.000000E+00,6.091895E+00,0.000000E+00,1.119625E+01,1.686365E+05,3.307823E+05,1.217571E+01,4.164061E+05,3.263934E+01,3.166858E+04,0.000000E+00,1.115719E+01,0.000000E+00,3.303716E+01,5.403649E+05,8.638228E+05
03:15:00,4.925996E+00,1.799488E+05,1.795181E+01,5.238233E+04,0.000000E+00,4.895949E+00,0.000000E+00,1.795181E+01,2.643930E+05,4.208439E+05,3.121783E+00,1.114545E+05,1.410469E+01,7.376125E+04,0.000000E+00,2.991909E+00,0.000000E+00,1.410469E+01,2.088219E+05,2.966592E+05,6.335207E+00,2.249548E+05,1.080192E+01,0.000000E+00,0.000000E+00,6.091895E+00,0.000000E+00,1.119929E+01,1.681960E+05,3.292124E+05,1.218302E+01,4.164445E+05,3.263934E+01,3.167129E+04,0.000000E+00,1.115719E+01,0.000000E+00,3.303436E+01,5.394408E+05,8.608698E+05
03:30:00,4.926018E+00,1.799487E+05,1.795181E+01,5.235777E+04,0.000000E+00,4.895949E+00,0.000000E+00,1.795181E+01,2.639987E+05,4.194423E+05,3.121912E+00,1.114558E+05,1.410469E+01,7.380248E+04,0.000000E+00,2.991909E+00,0.000000E+00,1.410469E+01,2.085809E+05,2.957179E+05,6.338171E+00,2.249743E+05,1.080409E+01,0.000000E+00,0.000000E+00,6.091895E+00,0.000000E+00,1.120222E+01,1.677538E+05,3.276439E+05,1.219008E+01,4.164815E+05,3.263934E+01,3.167410E+04,0.000000E+00,1.115719E+01,0.000000E+00,3.303168E+01,5.385188E+05,8.579348E+05
03:45:00,4.926040E+00,1.799486E+05,1.795181E+01,5.233354E+04,0.000000E+00,4.895949E+00,0.000000E+00,1.795181E+01,2.636043E+05,4.180459E+05,3.122036E+00,1.114571E+05,1.410469E+01,7.384438E+04,0.000000E+00,2.991909E+00,0.000000E+00,1.410469E+01,2.083399E+05,2.947818E+05,6.341142E+00,2.249895E+05,1.080625E+01,0.000000E+00,0.000000E+00,6.091895E+00,0.000000E+00,1.120506E+01,1.673100E+05,3.260764E+05,1.219689E+01,4.165173E+05,3.263934E+01,3.167699E+04,0.000000E+00,1.115719E+01,0.000000E+00,3.302910E+01,5.375986E+05,8.550161E+05
04:00:00,4.926061E+00,1.799485E+05,1.795181E+01,5.230960E+04,0.000000E+00,4.895949E+00,0.000000E+00,1.795181E+01,2.632099E+05,4.166537E+05,3.122156E+00,1.114583E+05,1.410469E+01,7.388682E+04,0.000000E+00,2.991909E+00,0.000000E+00,1.410469E+01,2.080989E+05,2.938502E+05,6.344109E+00,2.250046E+05,1.080839E+01,0.000000E+00,0.000000E+00,6.091895E+00,0.000000E+00,1.120781E+01,1.668646E+05,3.245098E+05,1.220346E+01,4.165517E+05,3.263934E+01,3.167996E+04,0.000000E+00,1.115719E+01,0.000000E+00,3.302664E+01,5.366803E+05,8.521123E+05
04:15:00,4.925751E+00,1.799497E+05,1.795181E+01,5.232941E+04,0.000000E+00,4.895949E+00,0.000000E+00,1.795181E+01,2.629471E+05,4.157289E+05,3.120441E+00,1.114407E+05,1.410469E+01,7.401540E+04,0.000000E+00,2.991909E+00,0.000000E+00,1.410469E+01,2.079383E+05,2.932061E+05,6.346993E+00,2.250149E+05,1.081052E+01,0.000000E+00,0.000000E+00,6.091895E+00,0.000000E+00,1.135028E+01,1.689741E+05,3.264121E+05,1.220926E+01,4.165821E+05,3.263934E+01,3.168338E+04,0.000000E+00,1.115719E+01,0.000000E+00,3.313726E+01,5.380738E+05,8.525000E+05
04:30:00,4.925376E+00,1.799511E+05,1.795181E+01,5.243518E+04,0.000000E+00,4.895949E+00,0.000000E+00,1.795181E+01,2.626834E+05,4.158107E+05,3.118365E+00,1.114193E+05,1.410469E+01,7.431127E+04,0.000000E+00,2.991909E+00,0.000000E+00,1.410469E+01,2.077773E+05,2.931036E+05,6.349463E+00,2.250237E+05,1.081263E+01,0.000000E+00,0.000000E+00,6.091895E+00,0.000000E+00,1.152535E+01,1.716961E+05,3.292528E+05,1.221440E+01,4.166089E+05,3.263934E+01,3.168677E+04,0.000000E+00,1.115719E+01,0.000000E+00,3.326352E+01,5.398087E+05,8.541243E+05
04:45:00,4.924967E+00,1.799526E+05,1.795181E+01,5.256329E+04,0.000000E+00,4.895949E+00,0.000000E+00,1.795181E+01,2.624189E+05,4.152677E+05,3.116107E+00,1.113960E+05,1.410469E+01,7.469949E+04,0.000000E+00,2.991909E+00,0.000000E+00,1.410469E+01,2.076160E+05,2.927075E+05,6.351964E+00,2.250326E+05,1.081472E+01,0.000000E+00,0.000000E+00,6.091895E+00,0.000000E+00,1.171925E+01,1.747609E+05,3.324834E+05,1.221920E+01,4.166342E+05,3.263934E+01,3.168996E+04,0.000000E+00,1.115719E+01,0.000000E+00,3.339640E+01,5.417038E+05,8.556437E+05
05:00:00,4.924536E+00,1.799543E+05,1.795181E+01,5.271376E+04,0.000000E+00,4.895949E+00,0.000000E+00,1.795181E+01,2.621542E+05,4.144848E+05,3.113726E+00,1.113715E+05,1.410469E+01,7.514978E+04,0.000000E+00,2.991909E+00,0.000000E+00,1.410469E+01,2.074546E+05,2.921830E+05,6.354435E+00,2.250414E+05,1.081679E+01,0.000000E+00,0.000000E+00,6.091895E+00,0.000000E+00,1.192312E+01,1.780129E+05,3.359082E+05,1.222376E+01,4.166582E+05,3.263934E+01,3.169318E+04,0.000000E+00,1.115719E+01,0.000000E+00,3.353500E+01,5.437284E+05,8.571445E+05
05:15:00,4.924418E+00,1.799547E+05,1.795181E+01,5.283874E+04,0.000000E+00,4.895949E+00,0.000000E+00,1.795181E+01,2.624260E+05,4.152907E+05,3.113078E+00,1.113648E+05,1.410469E+01,7.556518E+04,0.000000E+00,2.991909E+00,0.000000E+00,1.410469E+01,2.076199E+05,2.926693E+05,6.356955E+00,2.250503E+05,1.081885E+01,0.000000E+00,0.000000E+00,6.091895E+00,0.000000E+00,1.527460E+01,2.331141E+05,4.021952E+05,1.222863E+01,4.166836E+05,3.263934E+01,3.169604E+04,0.000000E+00,1.115719E+01,0.000000E+00,3.647429E+01,5.841677E+05,8.936048E+05
05:30:00,4.924350E+00,1.799550E+05,1.795181E+01,5.289441E+04,0.000000E+00,4.895949E+00,0.000000E+00,1.795181E+01,2.627007E+05,4.161287E+05,3.112707E+00,1.113610E+05,1.410469E+01,7.585848E+04,0.000000E+00,2.991909E+00,0.000000E+00,1.410469E+01,2.077864E+05,2.931987E+05,6.359851E+00,2.250606E+05,1.082088E+01,0.000000E+00,0.000000E+00,6.091895E+00,0.000000E+00,1.894326E+01,2.892451E+05,4.696118E+05,1.223372E+01,4.167103E+05,3.263934E+01,3.169906E+04,0.000000E+00,1.115719E+01,0.000000E+00,3.980051E+01,6.263696E+05,9.391979E+05
05:45:00,4.924303E+00,1.799552E+05,1.795181E+01,5.294285E+04,0.000000E+00,4.895949E+00,0.000000E+00,1.795181E+01,2.629651E+05,4.166563E+05,3.112448E+00,1.113583E+05,1.410469E+01,7.609935E+04,0.000000E+00,2.991909E+00,0.000000E+00,1.410469E+01,2.079480E+05,2.936278E+05,6.362678E+00,2.250705E+05,1.082290E+01,0.000000E+00,0.000000E+00,6.091895E+00,0.000000E+00,2.234330E+01,3.369246E+05,5.195496E+05,1.223872E+01,4.167363E+05,3.263934E+01,3.170238E+04,0.000000E+00,1.115719E+01,0.000000E+00,4.299005E+01,6.624034E+05,9.704127E+05
06:00:00,4.924267E+00,1.799553E+05,1.795181E+01,5.298282E+04,0.000000E+00,4.895949E+00,0.000000E+00,1.795181E+01,2.632279E+05,4.171067E+05,3.112250E+00,1.113562E+05,1.410469E+01,7.631425E+04,0.000000E+00,2.991909E+00,0.000000E+00,1.410469E+01,2.081087E+05,2.940365E+05,6.365495E+00,2.250805E+05,1.082490E+01,0.000000E+00,0.000000E+00,6.091895E+00,0.000000E+00,2.563987E+01,3.789421E+05,5.627597E+05,1.224357E+01,4.167615E+05,3.263934E+01,3.170578E+04,0.000000E+00,1.115719E+01,0.000000E+00,4.597387E+01,6.905709E+05,9.975675E+05
06:15:00,4.923945E+00,1.799565E+05,1.795181E+01,5.301749E+04,0.000000E+00,4.895949E+00,0.000000E+00,1.795181E+01,2.641478E+05,4.187296E+05,3.110456E+00,1.113376E+05,1.410469E+01,6.994864E+04,0.000000E+00,2.991909E+00,0.000000E+00,1.410469E+01,2.005399E+05,2.818347E+05,6.368561E+00,2.250912E+05,1.082688E+01,0.000000E+00,0.000000E+00,6.091895E+00,0.000000E+00,2.501743E+01,3.690874E+05,5.458564E+05,1.224832E+01,4.167860E+05,3.263934E+01,3.166633E+04,0.000000E+00,1.115719E+01,0.000000E+00,4.500299E+01,6.735359E+05,9.771310E+05
06:30:00,4.923534E+00,1.799580E+05,1.795181E+01,5.308220E+04,0.000000E+00,4.895949E+00,0.000000E+00,1.795181E+01,2.650677E+05,4.207765E+05,3.108175E+00,1.113139E+05,1.410469E+01,6.218085E+04,0.000000E+00,2.991909E+00,0.000000E+00,1.410469E+01,1.912051E+05,2.710726E+05,6.370806E+00,2.250990E+05,1.082885E+01,0.000000E+00,0.000000E+00,6.091895E+00,0.000000E+00,2.542367E+01,3.763573E+05,5.538210E+05,1.225192E+01,4.168044E+05,3.263934E+01,3.165691E+04,0.000000E+00,1.115719E+01,0.000000E+00,4.475021E+01,6.713115E+05,9.779576E+05
06:45:00,4.923086E+00,1.799597E+05,1.795181E+01,5.315666E+04,0.000000E+00,4.895949E+00,0.000000E+00,1.795181E+01,2.659860E+05,4.225309E+05,3.105698E+00,1.112881E+05,1.410469E+01,5.436783E+04,0.000000E+00,2.991909E+00,0.000000E+00,1.410469E+01,1.818724E+05,2.614245E+05,6.373131E+00,2.251072E+05,1.083081E+01,0.000000E+00,0.000000E+00,6.091895E+00,0.000000E+00,2.607533E+01,3.873336E+05,5.649906E+05,1.225521E+01,4.168217E+05,3.263934E+01,3.167688E+04,0.000000E+00,1.115719E+01,0.000000E+00,4.488874E+01,6.752775E+05,9.854141E+05
07:00:00,4.922620E+00,1.799615E+05,1.795181E+01,5.324149E+04,0.000000E+00,4.895949E+00,0.000000E+00,1.795181E+01,2.669041E+05,4.249763E+05,3.103120E+00,1.112612E+05,1.410469E+01,4.650526E+04,0.000000E+00,2.991909E+00,0.000000E+00,1.410469E+01,1.725405E+05,2.533812E+05,6.375422E+00,2.251152E+05,1.083274E+01,0.000000E+00,0.000000E+00,6.091895E+00,0.000000E+00,2.679720E+01,3.993660E+05,5.783503E+05,1.225834E+01,4.168381E+05,3.263934E+01,3.171364E+04,0.000000E+00,1.115719E+01,0.000000E+00,4.516752E+01,6.814422E+05,9.960850E+05
07:15:00,4.922482E+00,1.799620E+05,1.795181E+01,5.334174E+04,0.000000E+00,4.895949E+00,0.000000E+00,1.795181E+01,2.691286E+05,4.327129E+05,3.102362E+00,1.112533E+05,1.410469E+01,4.515769E+04,0.000000E+00,2.991909E+00,0.000000E+00,1.410469E+01,1.721393E+05,2.566676E+05,6.981589E+00,2.268055E+05,1.129904E+01,0.000000E+00,0.000000E+00,6.091895E+00,0.000000E+00,2.704389E+01,4.058618E+05,5.908538E+05,1.314583E+01,4.204192E+05,3.359903E+01,4.087171E+04,0.000000E+00,1.115719E+01,0.000000E+00,4.522080E+01,6.872365E+05,1.014851E+06
07:30:00,4.922388E+00,1.799623E+05,1.795181E+01,5.340726E+04,0.000000E+00,4.895949E+00,0.000000E+00,1.795181E+01,2.713511E+05,4.412019E+05,3.101837E+00,1.112478E+05,1.410469E+01,4.515621E+04,0.000000E+00,2.991909E+00,0.000000E+00,1.410469E+01,1.735030E+05,2.619685E+05,7.692474E+00,2.277737E+05,1.174238E+01,0.000000E+00,0.000000E+00,6.091895E+00,0.000000E+00,2.731284E+01,4.126913E+05,6.053393E+05,1.396589E+01,4.222744E+05,3.452991E+01,4.710223E+04,0.000000E+00,1.115719E+01,0.000000E+00,4.532433E+01,6.938284E+05,1.037621E+06
07:45:00,4.922312E+00,1.799626E+05,1.795181E+01,5.346555E+04,0.000000E+00,4.895949E+00,0.000000E+00,1.795181E+01,2.735858E+05,4.501933E+05,3.101419E+00,1.112434E+05,1.410469E+01,4.514999E+04,0.000000E+00,2.991909E+00,0.000000E+00,1.410469E+01,1.748698E+05,2.674054E+05,8.336511E+00,2.276727E+05,1.220284E+01,0.000000E+00,0.000000E+00,6.091895E+00,0.000000E+00,2.761459E+01,4.200235E+05,6.207268E+05,1.463900E+01,4.225972E+05,3.537720E+01,5.089744E+04,0.000000E+00,1.115719E+01,0.000000E+00,4.548490E+01,7.013313E+05,1.060889E+06
08:00:00,4.922250E+00,1.799629E+05,1.795181E+01,5.351615E+04,0.000000E+00,4.895949E+00,0.000000E+00,1.795181E+01,2.758221E+05,4.595006E+05,3.101072E+00,1.112398E+05,1.410469E+01,4.514640E+04,0.000000E+00,2.991909E+00,0.000000E+00,1.410469E+01,1.762366E+05,2.729501E+05,8.949869E+00,2.266879E+05,1.264879E+01,0.000000E+00,0.000000E+00,6.091895E+00,0.000000E+00,2.794307E+01,4.277587E+05,6.369266E+05,1.523682E+01,4.218948E+05,3.619736E+01,5.325150E+04,0.000000E+00,1.115719E+01,0.000000E+00,4.569534E+01,7.096205E+05,1.085091E+06
08:15:00,4.922148E+00,1.799633E+05,1.795181E+01,5.355424E+04,0.000000E+00,4.895949E+00,0.000000E+00,1.795181E+01,2.783213E+05,4.664700E+05,3.100520E+00,1.112341E+05,1.410469E+01,4.514655E+04,0.000000E+00,2.991909E+00,0.000000E+00,1.410469E+01,1.777640E+05,2.770223E+05,8.551703E+00,2.268987E+05,1.246547E+01,0.000000E+00,0.000000E+00,6.091895E+00,0.000000E+00,2.798917E+01,4.315646E+05,6.456486E+05,1.470332E+01,4.211960E+05,3.593567E+01,4.773044E+04,0.000000E+00,1.115719E+01,0.000000E+00,4.568605E+01,7.151123E+05,1.099856E+06
08:30:00,4.922094E+00,1.799635E+05,1.795181E+01,5.359536E+04,0.000000E+00,4.895949E+00,0.000000E+00,1.795181E+01,2.808200E+05,4.694465E+05,3.100225E+00,1.112310E+05,1.410469E+01,4.514700E+04,0.000000E+00,2.991909E+00,0.000000E+00,1.410469E+01,1.792912E+05,2.787251E+05,8.415764E+00,2.269782E+05,1.239000E+01,0.000000E+00,0.000000E+00,6.091895E+00,0.000000E+00,2.799982E+01,4.348357E+05,6.491087E+05,1.439153E+01,4.208157E+05,3.578365E+01,4.549528E+04,0.000000E+00,1.115719E+01,0.000000E+00,4.565859E+01,7.203253E+05,1.105607E+06
08:45:00,4.922057E+00,1.799636E+05,1.795181E+01,5.363314E+04,0.000000E+00,4.895949E+00,0.000000E+00,1.795181E+01,2.833184E+05,4.719393E+05,3.100018E+00,1.112289E+05,1.410469E+01,4.514675E+04,0.000000E+00,2.991909E+00,0.000000E+00,1.410469E+01,1.808184E+05,2.802911E+05,8.328358E+00,2.270170E+05,1.234370E+01,0.000000E+00,0.000000E+00,6.091895E+00,0.000000E+00,2.800427E+01,4.380133E+05,6.523007E+05,1.419439E+01,4.205290E+05,3.569754E+01,4.423996E+04,0.000000E+00,1.115719E+01,0.000000E+00,4.563789E+01,7.256500E+05,1.111221E+06
09:00:00,4.922024E+00,1.799638E+05,1.795181E+01,5.366802E+04,0.000000E+00,4.895949E+00,0.000000E+00,1.795181E+01,2.858169E+05,4.742397E+05,3.099830E+00,1.112269E+05,1.410469E+01,4.514653E+04,0.000000E+00,2.991909E+00,0.000000E+00,1.410469E+01,1.823457E+05,2.818278E+05,8.255596E+00,2.270427E+05,1.230350E+01,0.000000E+00,0.000000E+00,6.091895E+00,0.000000E+00,2.800222E+01,4.410931E+05,6.553299E+05,1.404577E+01,4.202889E+05,3.562293E+01,4.315391E+04,0.000000E+00,1.115719E+01,0.000000E+00,4.562501E+01,7.311030E+05,1.116844E+06
09:15:00,4.921993E+00,1.799639E+05,1.795181E+01,5.370049E+04,0.000000E+00,4.895949E+00,0.000000E+00,1.795181E+01,2.880528E+05,4.762011E+05,3.099656E+00,1.112251E+05,1.410469E+01,4.514638E+04,0.000000E+00,2.991909E+00,0.000000E+00,1.410469E+01,1.837123E+05,2.831944E+05,8.178400E+00,2.270635E+05,1.228674E+01,0.000000E+00,0.000000E+00,6.091895E+00,0.000000E+00,2.799330E+01,4.437420E+05,6.579040E+05,1.390973E+01,4.200505E+05,3.557861E+01,4.251742E+04,0.000000E+00,1.115719E+01,0.000000E+00,4.562099E+01,7.360999E+05,1.121947E+06
09:30:00,4.921964E+00,1.799640E+05,1.795181E+01,5.364848E+04,0.000000E+00,4.895949E+00,0.000000E+00,1.795181E+01,2.902893E+05,4.781516E+05,3.099494E+00,1.112234E+05,1.410469E+01,4.514627E+04,0.000000E+00,2.991909E+00,0.000000E+00,1.410469E+01,1.850791E+05,2.845646E+05,8.105509E+00,2.270767E+05,1.227792E+01,0.000000E+00,0.000000E+00,6.091895E+00,0.000000E+00,2.797856E+01,4.463032E+05,6.604021E+05,1.379030E+01,4.198261E+05,3.554613E+01,4.205623E+04,0.000000E+00,1.115719E+01,0.000000E+00,4.562730E+01,7.412625E+05,1.127200E+06
09:45:00,4.921937E+00,1.799641E+05,1.795181E+01,5.359561E+04,0.000000E+00,4.895949E+00,0.000000E+00,1.795181E+01,2.925263E+05,4.801129E+05,3.099342E+00,1.112218E+05,1.410469E+01,4.514620E+04,0.000000E+00,2.991909E+00,0.000000E+00,1.410469E+01,1.864462E+05,2.859396E+05,8.036857E+00,2.270833E+05,1.227388E+01,0.000000E+00,0.000000E+00,6.091895E+00,0.000000E+00,2.795920E+01,4.487952E+05,6.628462E+05,1.368348E+01,4.196131E+05,3.552072E+01,4.169898E+04,0.000000E+00,1.115719E+01,0.000000E+00,4.564522E+01,7.466101E+05,1.132642E+06
10:00:00,4.921912E+00,1.799642E+05,1.795181E+01,5.354381E+04,0.000000E+00,4.895949E+00,0.000000E+00,1.795181E+01,2.947636E+05,4.820927E+05,3.099197E+00,1.112203E+05,1.410469E+01,4.514614E+04,0.000000E+00,2.991909E+00,0.000000E+00,1.410469E+01,1.878133E+05,2.873192E+05,7.971234E+00,2.270840E+05,1.227368E+01,0.000000E+00,0.000000E+00,6.091895E+00,0.000000E+00,2.793661E+01,4.512386E+05,6.652592E+05,1.358580E+01,4.194079E+05,3.550085E+01,4.142348E+04,0.000000E+00,1.115719E+01,0.000000E+00,4.567543E+01,7.521524E+05,1.138287E+06
10:15:00,4.921887E+00,1.799643E+05,1.795181E+01,5.349329E+04,0.000000E+00,4.895949E+00,0.000000E+00,1.795181E+01,2.967378E+05,4.838222E+05,3.099060E+00,1.112188E+05,1.410469E+01,4.514609E+04,0.000000E+00,2.991909E+00,0.000000E+00,1.410469E+01,1.890197E+05,2.885384E+05,7.922982E+00,2.270810E+05,1.225864E+01,0.000000E+00,0.000000E+00,6.091895E+00,0.000000E+00,2.791282E+01,4.533363E+05,6.673369E+05,1.351359E+01,4.192496E+05,3.546513E+01,4.091121E+04,0.000000E+00,1.115719E+01,0.000000E+00,4.571747E+01,7.572821E+05,1.143519E+06
10:30:00,4.921864E+00,1.799644E+05,1.795181E+01,5.352673E+04,0.000000E+00,4.895949E+00,0.000000E+00,1.795181E+01,2.987120E+05,4.855772E+05,3.098929E+00,1.112175E+05,1.410469E+01,4.514606E+04,0.000000E+00,2.991909E+00,0.000000E+00,1.410469E+01,1.902260E+05,2.897609E+05,7.879753E+00,2.270758E+05,1.224246E+01,0.000000E+00,0.000000E+00,6.091895E+00,0.000000E+00,2.789037E+01,4.554544E+05,6.694507E+05,1.345085E+01,4.191075E+05,3.542862E+01,4.038632E+04,0.000000E+00,1.115719E+01,0.000000E+00,4.577105E+01,7.625940E+05,1.148945E+06
10:45:00,4.921842E+00,1.799645E+05,1.795181E+01,5.356103E+04,0.000000E+00,4.895949E+00,0.000000E+00,1.795181E+01,3.006863E+05,4.873410E+05,3.098804E+00,1.112161E+05,1.410469E+01,4.514603E+04,0.000000E+00,2.991909E+00,0.000000E+00,1.410469E+01,1.914323E+05,2.909809E+05,7.839201E+00,2.270686E+05,1.222697E+01,0.000000E+00,0.000000E+00,6.091895E+00,0.000000E+00,2.787178E+01,4.576305E+05,6.716261E+05,1.339431E+01,4.189757E+05,3.539369E+01,3.988481E+04,0.000000E+00,1.115719E+01,0.000000E+00,4.583527E+01,7.680739E+05,1.154546E+06
11:00:00,4.921821E+00,1.799645E+05,1.795181E+01,5.359463E+04,0.000000E+00,4.895949E+00,0.000000E+00,1.795181E+01,3.026605E+05,4.891007E+05,3.098684E+00,1.112149E+05,1.410469E+01,4.514601E+04,0.000000E+00,2.991909E+00,0.000000E+00,1.410469E+01,1.926387E+05,2.921946E+05,7.800850E+00,2.270597E+05,1.221203E+01,0.000000E+00,0.000000E+00,6.091895E+00,0.000000E+00,2.785913E+01,4.598961E+05,6.738833E+05,1.334264E+01,4.188522E+05,3.536014E+01,3.940332E+04,0.000000E+00,1.115719E+01,0.000000E+00,4.590887E+01,7.737021E+05,1.160294E+06
11:15:00,4.921801E+00,1.799646E+05,1.795181E+01,5.362768E+04,0.000000E+00,4.895949E+00,0.000000E+00,1.795181E+01,3.039767E+05,4.901758E+05,3.098569E+00,1.112137E+05,1.410469E+01,4.514599E+04,0.000000E+00,2.991909E+00,0.000000E+00,1.410469E+01,1.934429E+05,2.929905E+05,7.764333E+00,2.270494E+05,1.219760E+01,0.000000E+00,0.000000E+00,6.091895E+00,0.000000E+00,2.785209E+01,4.614274E+05,6.753730E+05,1.329493E+01,4.187355E+05,3.532785E+01,3.894053E+04,0.000000E+00,1.115719E+01,0.000000E+00,4.598933E+01,7.779400E+05,1.164617E+06
11:30:00,4.921781E+00,1.799647E+05,1.795181E+01,5.366018E+04,0.000000E+00,4.895949E+00,0.000000E+00,1.795181E+01,3.052928E+05,4.912688E+05,3.098458E+00,1.112125E+05,1.410469E+01,4.514598E+04,0.000000E+00,2.991909E+00,0.000000E+00,1.410469E+01,1.942471E+05,2.937864E+05,7.729378E+00,2.270378E+05,1.218366E+01,0.000000E+00,0.000000E+00,6.091895E+00,0.000000E+00,2.784900E+01,4.630184E+05,6.769164E+05,1.325051E+01,4.186244E+05,3.529676E+01,3.849526E+04,0.000000E+00,1.115719E+01,0.000000E+00,4.607510E+01,7.822629E+05,1.169061E+06
11:45:00,4.921762E+00,1.799648E+05,1.795181E+01,5.369219E+04,0.000000E+00,4.895949E+00,0.000000E+00,1.795181E+01,3.066090E+05,4.923739E+05,3.098352E+00,1.112114E+05,1.410469E+01,4.514596E+04,0.000000E+00,2.991909E+00,0.000000E+00,1.410469E+01,1.950513E+05,2.945816E+05,7.695783E+00,2.270251E+05,1.217019E+01,0.000000E+00,0.000000E+00,6.091895E+00,0.000000E+00,2.784668E+01,4.646209E+05,6.784700E+05,1.320888E+01,4.185183E+05,3.526678E+01,3.806646E+04,0.000000E+00,1.115719E+01,0.000000E+00,4.616462E+01,7.866466E+05,1.173552E+06
12:00:00,4.921744E+00,1.799648E+05,1.795181E+01,5.372373E+04,0.000000E+00,4.895949E+00,0.000000E+00,1.795181E+01,3.079252E+05,4.935004E+05,3.098249E+00,1.112103E+05,1.410469E+01,4.514596E+04,0.000000E+00,2.991909E+00,0.000000E+00,1.410469E+01,1.958555E+05,2.953802E+05,7.663397E+00,2.270112E+05,1.215717E+01,0.000000E+00,0.000000E+00,6.091895E+00,0.000000E+00,2.784264E+01,4.661975E+05,6.800110E+05,1.316968E+01,4.184166E+05,3.523787E+01,3.765318E+04,0.000000E+00,1.115719E+01,0.000000E+00,4.625658E+01,7.910704E+05,1.178045E+06
12:15:00,4.921727E+00,1.799649E+05,1.795181E+01,5.375483E+04,0.000000E+00,4.895949E+00,0.000000E+00,1.795181E+01,3.089782E+05,4.943740E+05,3.098150E+00,1.112093E+05,1.410469E+01,4.514595E+04,0.000000E+00,2.991909E+00,0.000000E+00,1.410469E+01,1.964989E+05,2.960179E+05,7.632126E+00,2.269964E+05,1.214459E+01,0.000000E+00,0.000000E+00,6.091895E+00,0.000000E+00,2.783969E+01,4.674631E+05,6.812510E+05,1.313267E+01,4.183188E+05,3.520998E+01,3.725500E+04,0.000000E+00,1.115719E+01,0.000000E+00,4.635321E+01,7.949683E+05,1.182021E+06
12:30:00,4.921710E+00,1.799650E+05,1.795181E+01,5.378552E+04,0.000000E+00,4.895949E+00,0.000000E+00,1.795181E+01,3.100311E+05,4.952362E+05,3.098054E+00,1.112083E+05,1.410469E+01,4.514594E+04,0.000000E+00,2.991909E+00,0.000000E+00,1.410469E+01,1.971423E+05,2.966528E+05,7.601868E+00,2.269807E+05,1.213242E+01,0.000000E+00,0.000000E+00,6.091895E+00,0.000000E+00,2.783538E+01,4.687081E+05,6.824617E+05,1.309760E+01,4.182247E+05,3.518304E+01,3.687078E+04,0.000000E+00,1.115719E+01,0.000000E+00,4.645204E+01,7.989020E+05,1.186031E+06
12:45:00,4.921694E+00,1.799650E+05,1.795181E+01,5.381582E+04,0.000000E+00,4.895949E+00,0.000000E+00,1.795181E+01,3.110841E+05,4.961132E+05,3.097962E+00,1.112073E+05,1.410469E+01,4.514594E+04,0.000000E+00,2.991909E+00,0.000000E+00,1.410469E+01,1.977857E+05,2.972901E+05,7.572543E+00,2.269643E+05,1.212063E+01,0.000000E+00,0.000000E+00,6.091895E+00,0.000000E+00,2.782744E+01,4.698985E+05,6.836197E+05,1.306429E+01,4.181340E+05,3.515699E+01,3.649961E+04,0.000000E+00,1.115719E+01,0.000000E+00,4.654987E+01,8.028223E+05,1.190031E+06
13:00:00,4.921678E+00,1.799651E+05,1.795181E+01,5.384576E+04,0.000000E+00,4.895949E+00,0.000000E+00,1.795181E+01,3.121371E+05,4.970252E+05,3.097873E+00,1.112064E+05,1.410469E+01,4.514594E+04,0.000000E+00,2.991909E+00,0.000000E+00,1.410469E+01,1.984291E+05,2.979333E+05,7.544093E+00,2.269470E+05,1.210922E+01,0.000000E+00,0.000000E+00,6.091895E+00,0.000000E+00,2.781691E+01,4.710499E+05,6.847541E+05,1.303258E+01,4.180464E+05,3.513177E+01,3.614077E+04,0.000000E+00,1.115719E+01,0.000000E+00,4.664676E+01,8.067298E+05,1.194030E+06
13:15:00,4.921663E+00,1.799651E+05,1.795181E+01,5.387535E+04,0.000000E+00,4.895949E+00,0.000000E+00,1.795181E+01,3.127953E+05,4.975412E+05,3.097787E+00,1.112055E+05,1.410469E+01,4.514593E+04,0.000000E+00,2.991909E+00,0.000000E+00,1.410469E+01,1.988312E+05,2.983317E+05,7.516443E+00,2.269291E+05,1.209815E+01,0.000000E+00,0.000000E+00,6.091895E+00,0.000000E+00,2.780485E+01,4.716870E+05,6.853705E+05,1.300232E+01,4.179616E+05,3.510732E+01,3.579311E+04,0.000000E+00,1.115719E+01,0.000000E+00,4.674359E+01,8.097371E+05,1.197116E+06
13:30:00,4.921648E+00,1.799652E+05,1.795181E+01,5.390464E+04,0.000000E+00,4.895949E+00,0.000000E+00,1.795181E+01,3.134534E+05,4.980347E+05,3.097703E+00,1.112046E+05,1.410469E+01,4.514593E+04,0.000000E+00,2.991909E+00,0.000000E+00,1.410469E+01,1.992334E+05,2.987270E+05,7.489563E+00,2.269105E+05,1.208741E+01,0.000000E+00,0.000000E+00,6.091895E+00,0.000000E+00,2.780038E+01,4.724384E+05,6.861065E+05,1.297340E+01,4.178796E+05,3.508361E+01,3.545631E+04,0.000000E+00,1.115719E+01,0.000000E+00,4.684750E+01,8.128515E+05,1.200312E+06
13:45:00,4.921634E+00,1.799652E+05,1.795181E+01,5.393364E+04,0.000000E+00,4.895949E+00,0.000000E+00,1.795181E+01,3.141115E+05,4.984580E+05,3.097623E+00,1.112037E+05,1.410469E+01,4.514593E+04,0.000000E+00,2.991909E+00,0.000000E+00,1.410469E+01,1.996355E+05,2.991103E+05,7.463423E+00,2.268914E+05,1.207699E+01,0.000000E+00,0.000000E+00,6.091895E+00,0.000000E+00,2.781373E+01,4.734583E+05,6.871089E+05,1.294577E+01,4.178003E+05,3.506060E+01,3.512997E+04,0.000000E+00,1.115719E+01,0.000000E+00,4.696697E+01,8.162004E+05,1.203739E+06
14:00:00,4.921620E+00,1.799653E+05,1.795181E+01,5.396236E+04,0.000000E+00,4.895949E+00,0.000000E+00,1.795181E+01,3.147695E+05,4.987966E+05,3.097545E+00,1.112029E+05,1.410469E+01,4.514593E+04,0.000000E+00,2.991909E+00,0.000000E+00,1.410469E+01,2.000376E+05,2.994792E+05,7.437989E+00,2.268718E+05,1.206688E+01,0.000000E+00,0.000000E+00,6.091895E+00,0.000000E+00,2.784959E+01,4.748175E+05,6.884450E+05,1.291933E+01,4.177235E+05,3.503827E+01,3.481356E+04,0.000000E+00,1.115719E+01,0.000000E+00,4.710601E+01,8.198444E+05,1.207455E+06
14:15:00,4.921607E+00,1.799653E+05,1.795181E+01,5.399081E+04,0.000000E+00,4.895949E+00,0.000000E+00,1.795181E+01,3.147694E+05,4.983979E+05,3.097469E+00,1.112021E+05,1.410469E+01,4.514593E+04,0.000000E+00,2.991909E+00,0.000000E+00,1.410469E+01,2.000376E+05,2.994274E+05,7.413233E+00,2.268517E+05,1.205705E+01,0.000000E+00,0.000000E+00,6.091895E+00,0.000000E+00,2.790544E+01,4.756591E+05,6.892404E+05,1.289751E+01,4.176594E+05,3.501659E+01,3.450662E+04,0.000000E+00,1.115719E+01,0.000000E+00,4.726237E+01,8.222490E+05,1.209891E+06
14:30:00,4.921594E+00,1.799654E+05,1.795181E+01,5.401900E+04,0.000000E+00,4.895949E+00,0.000000E+00,1.795181E+01,3.147693E+05,4.980008E+05,3.097396E+00,1.112014E+05,1.410469E+01,4.514593E+04,0.000000E+00,2.991909E+00,0.000000E+00,1.410469E+01,2.000375E+05,2.993772E+05,7.389128E+00,2.268312E+05,1.204750E+01,0.000000E+00,0.000000E+00,6.091895E+00,0.000000E+00,2.797465E+01,4.767020E+05,6.902427E+05,1.287917E+01,4.176052E+05,3.499551E+01,3.420871E+04,0.000000E+00,1.115719E+01,0.000000E+00,4.742966E+01,8.248164E+05,1.212491E+06
14:45:00,4.921582E+00,1.799654E+05,1.795181E+01,5.404695E+04,0.000000E+00,4.895949E+00,0.000000E+00,1.795181E+01,3.147694E+05,4.976291E+05,3.097325E+00,1.112006E+05,1.410469E+01,4.514593E+04,0.000000E+00,2.991909E+00,0.000000E+00,1.410736E+01,2.000756E+05,2.993738E+05,7.365649E+00,2.268103E+05,1.203821E+01,0.000000E+00,0.000000E+00,6.091895E+00,0.000000E+00,2.804836E+01,4.778127E+05,6.913138E+05,1.286160E+01,4.175528E+05,3.497502E+01,3.391941E+04,0.000000E+00,1.115719E+01,0.000000E+00,4.759935E+01,8.274177E+05,1.215121E+06
15:00:00,4.921570E+00,1.799655E+05,1.795181E+01,5.407467E+04,0.000000E+00,4.895949E+00,0.000000E+00,1.795181E+01,3.147695E+05,4.973022E+05,3.097257E+00,1.111999E+05,1.410469E+01,4.514593E+04,0.000000E+00,2.991909E+00,0.000000E+00,1.411595E+01,2.001986E+05,2.994735E+05,7.342772E+00,2.267891E+05,1.202918E+01,0.000000E+00,0.000000E+00,6.091895E+00,0.000000E+00,2.812012E+01,4.788941E+05,6.923577E+05,1.284475E+01,4.175021E+05,3.495509E+01,3.363835E+04,0.000000E+00,1.115719E+01,0.000000E+00,4.776455E+01,8.299482E+05,1.217680E+06
15:15:00,4.921607E+00,1.799653E+05,1.795181E+01,5.410630E+04,0.000000E+00,4.895949E+00,0.000000E+00,1.795267E+01,3.139930E+05,4.962332E+05,3.097448E+00,1.112019E+05,1.410469E+01,4.514557E+04,0.000000E+00,2.991909E+00,0.000000E+00,1.412558E+01,1.998539E+05,2.991051E+05,6.832073E+00,2.260785E+05,1.160311E+01,0.000000E+00,0.000000E+00,6.091895E+00,0.000000E+00,2.822876E+01,4.795487E+05,6.930254E+05,1.228498E+01,4.156548E+05,3.429256E+01,2.764820E+04,0.000000E+00,1.115719E+01,0.000000E+00,4.791754E+01,8.304912E+05,1.218209E+06
15:30:00,4.921619E+00,1.799653E+05,1.795181E+01,5.413627E+04,0.000000E+00,4.895949E+00,0.000000E+00,1.795944E+01,3.133058E+05,4.953514E+05,3.097504E+00,1.112024E+05,1.410469E+01,4.514526E+04,0.000000E+00,2.991909E+00,0.000000E+00,1.413927E+01,1.995674E+05,2.988187E+05,6.439880E+00,2.251711E+05,1.117933E+01,0.000000E+00,0.000000E+00,6.091895E+00,0.000000E+00,2.832381E+01,4.799988E+05,6.934979E+05,1.179401E+01,4.137497E+05,3.363508E+01,2.433923E+04,0.000000E+00,1.115719E+01,0.000000E+00,4.805433E+01,8.307855E+05,1.218501E+06
15:45:00,4.921617E+00,1.799653E+05,1.795181E+01,5.416518E+04,0.000000E+00,4.895949E+00,0.000000E+00,1.796515E+01,3.126025E+05,4.945059E+05,3.097491E+00,1.112023E+05,1.410469E+01,4.514505E+04,0.000000E+00,2.991909E+00,0.000000E+00,1.415092E+01,1.992516E+05,2.985069E+05,6.153735E+00,2.242725E+05,1.086800E+01,0.000000E+00,0.000000E+00,6.091895E+00,0.000000E+00,2.840230E+01,4.801991E+05,6.937224E+05,1.139319E+01,4.117457E+05,3.298250E+01,2.205307E+04,0.000000E+00,1.115719E+01,0.000000E+00,4.817313E+01,8.308037E+05,1.218519E+06
16:00:00,4.921604E+00,1.799653E+05,1.795181E+01,5.419227E+04,0.000000E+00,4.895949E+00,0.000000E+00,1.797672E+01,3.119876E+05,4.938016E+05,3.097417E+00,1.112015E+05,1.410469E+01,4.514489E+04,0.000000E+00,2.991909E+00,0.000000E+00,1.416311E+01,1.989437E+05,2.982110E+05,6.117356E+00,2.241417E+05,1.065862E+01,0.000000E+00,0.000000E+00,6.091895E+00,0.000000E+00,2.846502E+01,4.801618E+05,6.937133E+05,1.131617E+01,4.113388E+05,3.263934E+01,2.454346E+04,0.000000E+00,1.115719E+01,0.000000E+00,4.827181E+01,8.305133E+05,1.218224E+06
16:15:00,4.921540E+00,1.799656E+05,1.795181E+01,5.421486E+04,0.000000E+00,4.895949E+00,0.000000E+00,1.807404E+01,3.124014E+05,4.943204E+05,3.097077E+00,1.111979E+05,1.410469E+01,4.514525E+04,0.000000E+00,2.991909E+00,0.000000E+00,1.417483E+01,1.984682E+05,2.977498E+05,6.120154E+00,2.241529E+05,1.065862E+01,0.000000E+00,0.000000E+00,6.091895E+00,0.000000E+00,2.851702E+01,4.796356E+05,6.932207E+05,1.136328E+01,4.116772E+05,3.263934E+01,2.902638E+04,0.000000E+00,1.115719E+01,0.000000E+00,4.835264E+01,8.293491E+05,1.217041E+06
16:30:00,4.921504E+00,1.799657E+05,1.795181E+01,5.423871E+04,0.000000E+00,4.895949E+00,0.000000E+00,1.815947E+01,3.126360E+05,4.946729E+05,3.096882E+00,1.111959E+05,1.410469E+01,4.514557E+04,0.000000E+00,2.991909E+00,0.000000E+00,1.418454E+01,1.979638E+05,2.972630E+05,6.123101E+00,2.241648E+05,1.065862E+01,0.000000E+00,0.000000E+00,6.091895E+00,0.000000E+00,2.855833E+01,4.789482E+05,6.925768E+05,1.138771E+01,4.118398E+05,3.263934E+01,3.092110E+04,0.000000E+00,1.115719E+01,0.000000E+00,4.841743E+01,8.279379E+05,1.215615E+06
16:45:00,4.921483E+00,1.799658E+05,1.795181E+01,5.426323E+04,0.000000E+00,4.895949E+00,0.000000E+00,1.823068E+01,3.126564E+05,4.948011E+05,3.096764E+00,1.111947E+05,1.410469E+01,4.514578E+04,0.000000E+00,2.991909E+00,0.000000E+00,1.419237E+01,1.974326E+05,2.967481E+05,6.125621E+00,2.241743E+05,1.068479E+01,0.000000E+00,0.000000E+00,6.091895E+00,0.000000E+00,2.858806E+01,4.780864E+05,6.917561E+05,1.140580E+01,4.119576E+05,3.263934E+01,3.153808E+04,0.000000E+00,1.115719E+01,0.000000E+00,4.846616E+01,8.262794E+05,1.213937E+06
17:00:00,4.921474E+00,1.799659E+05,1.795181E+01,5.428622E+04,0.000000E+00,4.895949E+00,0.000000E+00,1.828177E+01,3.123736E+05,4.945947E+05,3.096712E+00,1.111942E+05,1.410469E+01,4.514594E+04,0.000000E+00,2.991909E+00,0.000000E+00,1.419773E+01,1.968659E+05,2.961943E+05,6.127945E+00,2.241830E+05,1.069769E+01,0.000000E+00,0.000000E+00,6.091895E+00,0.000000E+00,2.860291E+01,4.770001E+05,6.907020E+05,1.142038E+01,4.120498E+05,3.263934E+01,3.189106E+04,0.000000E+00,1.115719E+01,0.000000E+00,4.849710E+01,8.243472E+05,1.211977E+06
17:15:00,4.921516E+00,1.799657E+05,1.795181E+01,5.430674E+04,0.000000E+00,4.895949E+00,0.000000E+00,1.830404E+01,3.114064E+05,4.937547E+05,3.096932E+00,1.111964E+05,1.410469E+01,4.842043E+04,0.000000E+00,2.991909E+00,0.000000E+00,1.419944E+01,2.034688E+05,3.062591E+05,6.130265E+00,2.241917E+05,1.070780E+01,0.000000E+00,0.000000E+00,6.091895E+00,0.000000E+00,2.859422E+01,4.752396E+05,6.890018E+05,1.143583E+01,4.121470E+05,3.263934E+01,3.216474E+04,0.000000E+00,1.115719E+01,0.000000E+00,4.850059E+01,8.214032E+05,1.209019E+06
17:30:00,4.921523E+00,1.799656E+05,1.795181E+01,5.432211E+04,0.000000E+00,4.895949E+00,0.000000E+00,1.829943E+01,3.100366E+05,4.924143E+05,3.096965E+00,1.111968E+05,1.410469E+01,5.351248E+04,0.000000E+00,2.991909E+00,0.000000E+00,1.419697E+01,2.125488E+05,3.184124E+05,6.132229E+00,2.241991E+05,1.071613E+01,0.000000E+00,0.000000E+00,6.091895E+00,0.000000E+00,2.856541E+01,4.731770E+05,6.869179E+05,1.146125E+01,4.123060E+05,3.263934E+01,3.237040E+04,0.000000E+00,1.115719E+01,0.000000E+00,4.848389E+01,8.181603E+05,1.205720E+06
17:45:00,4.921514E+00,1.799657E+05,1.795181E+01,5.433265E+04,0.000000E+00,4.895949E+00,0.000000E+00,1.826993E+01,3.082801E+05,4.907110E+05,3.096913E+00,1.111962E+05,1.410469E+01,5.985312E+04,0.000000E+00,2.991909E+00,0.000000E+00,1.418902E+01,2.215403E+05,3.310518E+05,6.133910E+00,2.242053E+05,1.072309E+01,0.000000E+00,0.000000E+00,6.091895E+00,0.000000E+00,2.851181E+01,4.707335E+05,6.844732E+05,1.149081E+01,4.124899E+05,3.263934E+01,3.253319E+04,0.000000E+00,1.115719E+01,0.000000E+00,4.843937E+01,8.144769E+05,1.201985E+06
18:00:00,4.921503E+00,1.799657E+05,1.795181E+01,5.434179E+04,0.000000E+00,4.895949E+00,0.000000E+00,1.821761E+01,3.061768E+05,4.886342E+05,3.096851E+00,1.111955E+05,1.410469E+01,6.647420E+04,0.000000E+00,2.991909E+00,0.000000E+00,1.417636E+01,2.304555E+05,3.409599E+05,6.135374E+00,2.242108E+05,1.072915E+01,0.000000E+00,0.000000E+00,6.091895E+00,0.000000E+00,2.843237E+01,4.678992E+05,6.816235E+05,1.152461E+01,4.126986E+05,3.263934E+01,3.265903E+04,0.000000E+00,1.115719E+01,0.000000E+00,4.836435E+01,8.103235E+05,1.197770E+06
18:15:00,4.921802E+00,1.799645E+05,1.795181E+01,5.431042E+04,0.000000E+00,4.895949E+00,0.000000E+00,1.809895E+01,3.024154E+05,4.848870E+05,3.098514E+00,1.112130E+05,1.410469E+01,6.997472E+04,0.000000E+00,2.991909E+00,0.000000E+00,1.415014E+01,2.313887E+05,3.420290E+05,6.136938E+00,2.242166E+05,1.073458E+01,0.000000E+00,0.000000E+00,6.091895E+00,0.000000E+00,2.344791E+01,3.943370E+05,6.043615E+05,1.155468E+01,4.128828E+05,3.263934E+01,3.270347E+04,0.000000E+00,1.115719E+01,0.000000E+00,4.354530E+01,7.411220E+05,1.126082E+06
18:30:00,4.922178E+00,1.799631E+05,1.795181E+01,5.420946E+04,0.000000E+00,4.895949E+00,0.000000E+00,1.795181E+01,2.982211E+05,4.806454E+05,3.100596E+00,1.112349E+05,1.410469E+01,7.158470E+04,0.000000E+00,2.991909E+00,0.000000E+00,1.412813E+01,2.298478E+05,3.405011E+05,6.138454E+00,2.242223E+05,1.073955E+01,0.000000E+00,0.000000E+00,6.091895E+00,0.000000E+00,1.871581E+01,3.241975E+05,5.302504E+05,1.158198E+01,4.130489E+05,3.263934E+01,3.265577E+04,0.000000E+00,1.115719E+01,0.000000E+00,3.956676E+01,6.882834E+05,1.073750E+06
18:45:00,4.922596E+00,1.799615E+05,1.795181E+01,5.409226E+04,0.000000E+00,4.895949E+00,0.000000E+00,1.795181E+01,2.962532E+05,4.789710E+05,3.102906E+00,1.112590E+05,1.410469E+01,7.198413E+04,0.000000E+00,2.991909E+00,0.000000E+00,1.411508E+01,2.284471E+05,3.390730E+05,6.139907E+00,2.242277E+05,1.074417E+01,0.000000E+00,0.000000E+00,6.091895E+00,0.000000E+00,1.421524E+01,2.540654E+05,4.543140E+05,1.160707E+01,4.132006E+05,3.263934E+01,3.255295E+04,0.000000E+00,1.115719E+01,0.000000E+00,3.618183E+01,6.434504E+05,1.029127E+06
19:00:00,4.923037E+00,1.799599E+05,1.795181E+01,5.395597E+04,0.000000E+00,4.895949E+00,0.000000E+00,1.795181E+01,2.942822E+05,4.776265E+05,3.105348E+00,1.112845E+05,1.410469E+01,7.216218E+04,0.000000E+00,2.991909E+00,0.000000E+00,1.410469E+01,2.270850E+05,3.375703E+05,6.141286E+00,2.242328E+05,1.074826E+01,0.000000E+00,0.000000E+00,6.091895E+00,0.000000E+00,1.112308E+01,2.029589E+05,3.983243E+05,1.163040E+01,4.133407E+05,3.263934E+01,3.242346E+04,0.000000E+00,1.115719E+01,0.000000E+00,3.332852E+01,6.036989E+05,9.887955E+05
19:15:00,4.923138E+00,1.799595E+05,1.795181E+01,5.384343E+04,0.000000E+00,4.895949E+00,0.000000E+00,1.795181E+01,2.928239E+05,4.769569E+05,3.105906E+00,1.112903E+05,1.410469E+01,7.224606E+04,0.000000E+00,2.991909E+00,0.000000E+00,1.410469E+01,2.261937E+05,3.365697E+05,6.142222E+00,2.242363E+05,1.075190E+01,0.000000E+00,0.000000E+00,6.091895E+00,0.000000E+00,1.162830E+01,2.106691E+05,4.078274E+05,1.165117E+01,4.134649E+05,3.263934E+01,3.230587E+04,0.000000E+00,1.115719E+01,0.000000E+00,3.376707E+01,6.138203E+05,1.003423E+06
19:30:00,4.923211E+00,1.799593E+05,1.795181E+01,5.378779E+04,0.000000E+00,4.895949E+00,0.000000E+00,1.795181E+01,2.913664E+05,4.762292E+05,3.106310E+00,1.112946E+05,1.410469E+01,7.245980E+04,0.000000E+00,2.991909E+00,0.000000E+00,1.410469E+01,2.253030E+05,3.355582E+05,6.143080E+00,2.242395E+05,1.075552E+01,0.000000E+00,0.000000E+00,6.091895E+00,0.000000E+00,1.190903E+01,2.141017E+05,4.126598E+05,1.167079E+01,4.135818E+05,3.263934E+01,3.225905E+04,0.000000E+00,1.115719E+01,0.000000E+00,3.402881E+01,6.172027E+05,1.010071E+06
19:45:00,4.923271E+00,1.799591E+05,1.795181E+01,5.373685E+04,0.000000E+00,4.895949E+00,0.000000E+00,1.795181E+01,2.899108E+05,4.754055E+05,3.106638E+00,1.112980E+05,1.410469E+01,7.268931E+04,0.000000E+00,2.991909E+00,0.000000E+00,1.410469E+01,2.244133E+05,3.345459E+05,6.143872E+00,2.242425E+05,1.075926E+01,0.000000E+00,0.000000E+00,6.091895E+00,0.000000E+00,1.198024E+01,2.136614E+05,4.130930E+05,1.168928E+01,4.136913E+05,3.263934E+01,3.224614E+04,0.000000E+00,1.115719E+01,0.000000E+00,3.411353E+01,6.160133E+05,1.011296E+06
20:00:00,4.923318E+00,1.799589E+05,1.795181E+01,5.369422E+04,0.000000E+00,4.895949E+00,0.000000E+00,1.795181E+01,2.884611E+05,4.745047E+05,3.106900E+00,1.113007E+05,1.410469E+01,7.291084E+04,0.000000E+00,2.991909E+00,0.000000E+00,1.410469E+01,2.235278E+05,3.335453E+05,6.149004E+00,2.242615E+05,1.076331E+01,0.000000E+00,0.000000E+00,6.091895E+00,0.000000E+00,1.205358E+01,2.132102E+05,4.134952E+05,1.170674E+01,4.137943E+05,3.263934E+01,3.224601E+04,0.000000E+00,1.115719E+01,0.000000E+00,3.420839E+01,6.147866E+05,1.012116E+06
20:15:00,4.923357E+00,1.799587E+05,1.795181E+01,5.365661E+04,0.000000E+00,4.895949E+00,0.000000E+00,1.795181E+01,2.872756E+05,4.738068E+05,3.107115E+00,1.113029E+05,1.410469E+01,7.312127E+04,0.000000E+00,2.991909E+00,0.000000E+00,1.410469E+01,2.228039E+05,3.327201E+05,6.166046E+00,2.243244E+05,1.076057E+01,0.000000E+00,0.000000E+00,6.091895E+00,0.000000E+00,1.192158E+01,2.095181E+05,4.100987E+05,1.174121E+01,4.139964E+05,3.263934E+01,3.225157E+04,0.000000E+00,1.115719E+01,0.000000E+00,3.405985E+01,6.097090E+05,1.008133E+06
20:30:00,4.923389E+00,1.799586E+05,1.795181E+01,5.362328E+04,0.000000E+00,4.895949E+00,0.000000E+00,1.795181E+01,2.860919E+05,4.746787E+05,3.107294E+00,1.113048E+05,1.410469E+01,7.332165E+04,0.000000E+00,2.991909E+00,0.000000E+00,1.410469E+01,2.220816E+05,3.333150E+05,6.185053E+00,2.243938E+05,1.075668E+01,0.000000E+00,0.000000E+00,6.091895E+00,0.000000E+00,1.176094E+01,2.052569E+05,4.061152E+05,1.178004E+01,4.142221E+05,3.263934E+01,3.219294E+04,0.000000E+00,1.115719E+01,0.000000E+00,3.390503E+01,6.043630E+05,1.003000E+06
20:45:00,4.923417E+00,1.799585E+05,1.795181E+01,5.359343E+04,0.000000E+00,4.895949E+00,0.000000E+00,1.795181E+01,2.849081E+05,4.748204E+05,3.107448E+00,1.113064E+05,1.410469E+01,7.351339E+04,0.000000E+00,2.991909E+00,0.000000E+00,1.410469E+01,2.213590E+05,3.333664E+05,6.204732E+00,2.244650E+05,1.075210E+01,0.000000E+00,0.000000E+00,6.091895E+00,0.000000E+00,1.158436E+01,2.006992E+05,4.016301E+05,1.182097E+01,4.144578E+05,3.263934E+01,3.209983E+04,0.000000E+00,1.115719E+01,0.000000E+00,3.373170E+01,5.986003E+05,9.973801E+05
21:00:00,4.923441E+00,1.799584E+05,1.795181E+01,5.356643E+04,0.000000E+00,4.895949E+00,0.000000E+00,1.795181E+01,2.837239E+05,4.745627E+05,3.107583E+00,1.113078E+05,1.410469E+01,7.369781E+04,0.000000E+00,2.991909E+00,0.000000E+00,1.410469E+01,2.206360E+05,3.330784E+05,6.224972E+00,2.245374E+05,1.074685E+01,0.000000E+00,0.000000E+00,6.091895E+00,0.000000E+00,1.139391E+01,1.958944E+05,3.967416E+05,1.186345E+01,4.147000E+05,3.263934E+01,3.198637E+04,0.000000E+00,1.115719E+01,0.000000E+00,3.353855E+01,5.924308E+05,9.912416E+05
21:15:00,4.923463E+00,1.799583E+05,1.795181E+01,5.354178E+04,0.000000E+00,4.895949E+00,0.000000E+00,1.795181E+01,2.825396E+05,4.740943E+05,3.107702E+00,1.113091E+05,1.410469E+01,7.387619E+04,0.000000E+00,2.991909E+00,0.000000E+00,1.410469E+01,2.199128E+05,3.326002E+05,6.233916E+00,2.245692E+05,1.074813E+01,0.000000E+00,0.000000E+00,6.091895E+00,0.000000E+00,1.139312E+01,1.943377E+05,3.956097E+05,1.188920E+01,4.148456E+05,3.263934E+01,3.185797E+04,0.000000E+00,1.115719E+01,0.000000E+00,3.350952E+01,5.891432E+05,9.883452E+05
21:30:00,4.923482E+00,1.799583E+05,1.795181E+01,5.351911E+04,0.000000E+00,4.895949E+00,0.000000E+00,1.795181E+01,2.813537E+05,4.735022E+05,3.107811E+00,1.113102E+05,1.410469E+01,7.404873E+04,0.000000E+00,2.991909E+00,0.000000E+00,1.410469E+01,2.191879E+05,3.320116E+05,6.241076E+00,2.245945E+05,1.075003E+01,0.000000E+00,0.000000E+00,6.091895E+00,0.000000E+00,1.140433E+01,1.930404E+05,3.947547E+05,1.191070E+01,4.149665E+05,3.263934E+01,3.178437E+04,0.000000E+00,1.115719E+01,0.000000E+00,3.349189E+01,5.861265E+05,9.857043E+05
21:45:00,4.923500E+00,1.799582E+05,1.795181E+01,5.349807E+04,0.000000E+00,4.895949E+00,0.000000E+00,1.795181E+01,2.801682E+05,4.728354E+05,3.107910E+00,1.113112E+05,1.410469E+01,7.421588E+04,0.000000E+00,2.991909E+00,0.000000E+00,1.410469E+01,2.184632E+05,3.313607E+05,6.247702E+00,2.246179E+05,1.075209E+01,0.000000E+00,0.000000E+00,6.091895E+00,0.000000E+00,1.141644E+01,1.917711E+05,3.939157E+05,1.193011E+01,4.150751E+05,3.263934E+01,3.173663E+04,0.000000E+00,1.115719E+01,0.000000E+00,3.347666E+01,5.831833E+05,9.831722E+05
22:00:00,4.923516E+00,1.799581E+05,1.795181E+01,5.347841E+04,0.000000E+00,4.895949E+00,0.000000E+00,1.795181E+01,2.789831E+05,4.721212E+05,3.108002E+00,1.113122E+05,1.410469E+01,7.437792E+04,0.000000E+00,2.991909E+00,0.000000E+00,1.410469E+01,2.177389E+05,3.306744E+05,6.253883E+00,2.246396E+05,1.075428E+01,0.000000E+00,0.000000E+00,6.091895E+00,0.000000E+00,1.142914E+01,1.905166E+05,3.930830E+05,1.194793E+01,4.151744E+05,3.263934E+01,3.170103E+04,0.000000E+00,1.115719E+01,0.000000E+00,3.346284E+01,5.802785E+05,9.807100E+05
22:15:00,4.923890E+00,1.799567E+05,1.795181E+01,5.340774E+04,0.000000E+00,4.895949E+00,0.000000E+00,1.795181E+01,2.780614E+05,4.716449E+05,3.110071E+00,1.113336E+05,1.410469E+01,7.446574E+04,0.000000E+00,2.991909E+00,0.000000E+00,1.410469E+01,2.171757E+05,3.301321E+05,6.260260E+00,2.246619E+05,1.075656E+01,0.000000E+00,0.000000E+00,6.091895E+00,0.000000E+00,1.138276E+01,1.885783E+05,3.913368E+05,1.196569E+01,4.152715E+05,3.263934E+01,3.167565E+04,0.000000E+00,1.115719E+01,0.000000E+00,3.339472E+01,5.770134E+05,9.777795E+05
22:30:00,4.924304E+00,1.799551E+05,1.795181E+01,5.328554E+04,0.000000E+00,4.895949E+00,0.000000E+00,1.795181E+01,2.771408E+05,4.702891E+05,3.112364E+00,1.113574E+05,1.410469E+01,7.436504E+04,0.000000E+00,2.991909E+00,0.000000E+00,1.410469E+01,2.166130E+05,3.291373E+05,6.266081E+00,2.246821E+05,1.075890E+01,0.000000E+00,0.000000E+00,6.091895E+00,0.000000E+00,1.132499E+01,1.864201E+05,3.891261E+05,1.198224E+01,4.153627E+05,3.263934E+01,3.165881E+04,0.000000E+00,1.115719E+01,0.0