Time,CORE_ZN:CHICAGO ANN HTG 99.6% CONDNS DB:Des Heat Load [W],CORE_ZN:CHICAGO ANN CLG .4% CONDNS WB=>MDB:Des Sens Cool Load [W],CORE_ZN:CHICAGO ANN HTG 99.6% CONDNS DB:Des Heat Mass Flow [kg/s],CORE_ZN:CHICAGO ANN CLG .4% CONDNS WB=>MDB:Des Cool Mass Flow [kg/s],PERIMETER_ZN_1:CHICAGO ANN HTG 99.6% CONDNS DB:Des Heat Load [W],PERIMETER_ZN_1:CHICAGO ANN CLG .4% CONDNS WB=>MDB:Des Sens Cool Load [W],PERIMETER_ZN_1:CHICAGO ANN HTG 99.6% CONDNS DB:Des Heat Mass Flow [kg/s],PERIMETER_ZN_1:CHICAGO ANN CLG .4% CONDNS WB=>MDB:Des Cool Mass Flow [kg/s],PERIMETER_ZN_2:CHICAGO ANN HTG 99.6% CONDNS DB:Des Heat Load [W],PERIMETER_ZN_2:CHICAGO ANN CLG .4% CONDNS WB=>MDB:Des Sens Cool Load [W],PERIMETER_ZN_2:CHICAGO ANN HTG 99.6% CONDNS DB:Des Heat Mass Flow [kg/s],PERIMETER_ZN_2:CHICAGO ANN CLG .4% CONDNS WB=>MDB:Des Cool Mass Flow [kg/s],PERIMETER_ZN_3:CHICAGO ANN HTG 99.6% CONDNS DB:Des Heat Load [W],PERIMETER_ZN_3:CHICAGO ANN CLG .4% CONDNS WB=>MDB:Des Sens Cool Load [W],PERIMETER_ZN_3:CHICAGO ANN HTG 99.6% CONDNS DB:Des Heat Mass Flow [kg/s],PERIMETER_ZN_3:CHICAGO ANN CLG .4% CONDNS WB=>MDB:Des Cool Mass Flow [kg/s],PERIMETER_ZN_4:CHICAGO ANN HTG 99.6% CONDNS DB:Des Heat Load [W],PERIMETER_ZN_4:CHICAGO ANN CLG .4% CONDNS WB=>MDB:Des Sens Cool Load [W],PERIMETER_ZN_4:CHICAGO ANN HTG 99.6% CONDNS DB:Des Heat Mass Flow [kg/s],PERIMETER_ZN_4:CHICAGO ANN CLG .4% CONDNS WB=>MDB:Des Cool Mass Flow [kg/s]
00:10:00,5.652323E+03,1.286618E+03,2.916192E-01,9.929949E-02,1.857235E+04,0.000000E+00,9.568307E-01,0.000000E+00,1.156127E+04,0.000000E+00,5.956105E-01,0.000000E+00,1.830647E+04,0.000000E+00,9.431280E-01,0.000000E+00,1.155703E+04,0.000000E+00,5.953920E-01,0.000000E+00
00:20:00,5.652376E+03,1.297660E+03,2.916219E-01,1.001528E-01,1.857246E+04,0.000000E+00,9.568361E-01,0.000000E+00,1.156133E+04,0.000000E+00,5.956139E-01,0.000000E+00,1.830657E+04,0.000000E+00,9.431333E-01,0.000000E+00,1.155709E+04,0.000000E+00,5.953953E-01,0.000000E+00
00:30:00,5.652427E+03,1.304562E+03,2.916246E-01,1.006862E-01,1.857256E+04,0.000000E+00,9.568412E-01,0.000000E+00,1.156140E+04,0.000000E+00,5.956171E-01,0.000000E+00,1.830667E+04,0.000000E+00,9.431384E-01,0.000000E+00,1.155716E+04,0.000000E+00,5.953986E-01,0.000000E+00
00:40:00,5.652476E+03,1.308085E+03,2.916271E-01,1.009585E-01,1.857265E+04,0.000000E+00,9.568462E-01,0.000000E+00,1.156146E+04,0.000000E+00,5.956202E-01,0.000000E+00,1.830677E+04,0.000000E+00,9.431433E-01,0.000000E+00,1.155722E+04,0.000000E+00,5.954017E-01,0.000000E+00
00:50:00,5.652523E+03,1.308863E+03,2.916296E-01,1.010187E-01,1.857275E+04,0.000000E+00,9.568511E-01,0.000000E+00,1.156152E+04,0.000000E+00,5.956232E-01,0.000000E+00,1.830686E+04,0.000000E+00,9.431481E-01,0.000000E+00,1.155728E+04,0.000000E+00,5.954047E-01,0.000000E+00
01:00:00,5.652569E+03,1.307458E+03,2.916319E-01,1.009102E-01,1.857284E+04,0.000000E+00,9.568557E-01,0.000000E+00,1.156157E+04,0.000000E+00,5.956262E-01,0.000000E+00,1.830695E+04,0.000000E+00,9.431527E-01,0.000000E+00,1.155733E+04,0.000000E+00,5.954076E-01,0.000000E+00
01:10:00,5.652613E+03,1.307170E+03,2.916342E-01,1.008877E-01,1.857293E+04,0.000000E+00,9.568602E-01,0.000000E+00,1.156163E+04,0.000000E+00,5.956290E-01,0.000000E+00,1.830703E+04,0.000000E+00,9.431572E-01,0.000000E+00,1.155739E+04,0.000000E+00,5.954104E-01,0.000000E+00
01:20:00,5.652656E+03,1.305650E+03,2.916364E-01,1.007701E-01,1.857301E+04,0.000000E+00,9.568646E-01,0.000000E+00,1.156168E+04,0.000000E+00,5.956317E-01,0.000000E+00,1.830712E+04,0.000000E+00,9.431615E-01,0.000000E+00,1.155744E+04,0.000000E+00,5.954132E-01,0.000000E+00
01:30:00,5.652698E+03,1.303160E+03,2.916386E-01,1.005775E-01,1.857309E+04,0.000000E+00,9.568688E-01,0.000000E+00,1.156173E+04,0.000000E+00,5.956343E-01,0.000000E+00,1.830720E+04,0.000000E+00,9.431657E-01,0.000000E+00,1.155749E+04,0.000000E+00,5.954158E-01,0.000000E+00
01:40:00,5.652739E+03,1.299930E+03,2.916407E-01,1.003279E-01,1.857317E+04,0.000000E+00,9.568728E-01,0.000000E+00,1.156178E+04,0.000000E+00,5.956369E-01,0.000000E+00,1.830728E+04,0.000000E+00,9.431697E-01,0.000000E+00,1.155754E+04,0.000000E+00,5.954183E-01,0.000000E+00
01:50:00,5.652778E+03,1.296152E+03,2.916427E-01,1.000358E-01,1.857325E+04,0.000000E+00,9.568768E-01,0.000000E+00,1.156183E+04,0.000000E+00,5.956393E-01,0.000000E+00,1.830735E+04,0.000000E+00,9.431736E-01,0.000000E+00,1.155759E+04,0.000000E+00,5.954208E-01,0.000000E+00
02:00:00,5.652816E+03,1.291988E+03,2.916447E-01,9.971398E-02,1.857332E+04,0.000000E+00,9.568806E-01,0.000000E+00,1.156187E+04,0.000000E+00,5.956417E-01,0.000000E+00,1.830743E+04,0.000000E+00,9.431774E-01,0.000000E+00,1.155763E+04,0.000000E+00,5.954232E-01,0.000000E+00
02:10:00,5.652853E+03,1.287412E+03,2.916466E-01,9.936040E-02,1.857339E+04,0.000000E+00,9.568843E-01,0.000000E+00,1.156192E+04,0.000000E+00,5.956440E-01,0.000000E+00,1.830750E+04,0.000000E+00,9.431811E-01,0.000000E+00,1.155768E+04,0.000000E+00,5.954255E-01,0.000000E+00
02:20:00,5.652889E+03,1.282534E+03,2.916484E-01,9.898351E-02,1.857346E+04,0.000000E+00,9.568879E-01,0.000000E+00,1.156196E+04,0.000000E+00,5.956463E-01,0.000000E+00,1.830757E+04,0.000000E+00,9.431846E-01,0.000000E+00,1.155772E+04,0.000000E+00,5.954277E-01,0.000000E+00
02:30:00,5.652924E+03,1.277440E+03,2.916502E-01,9.858995E-02,1.857353E+04,0.000000E+00,9.568914E-01,0.000000E+00,1.156200E+04,0.000000E+00,5.956484E-01,0.000000E+00,1.830763E+04,0.000000E+00,9.431881E-01,0.000000E+00,1.155776E+04,0.000000E+00,5.954299E-01,0.000000E+00
02:40:00,5.652958E+03,1.272200E+03,2.916520E-01,9.818508E-02,1.857360E+04,0.000000E+00,9.568948E-01,0.000000E+00,1.156205E+04,0.000000E+00,5.956505E-01,0.000000E+00,1.830770E+04,0.000000E+00,9.431914E-01,0.000000E+00,1.155780E+04,0.000000E+00,5.954320E-01,0.000000E+00
02:50:00,5.652990E+03,1.266871E+03,2.916537E-01,9.777340E-02,1.857366E+04,0.000000E+00,9.568981E-01,0.000000E+00,1.156209E+04,0.000000E+00,5.956526E-01,0.000000E+00,1.830776E+04,0.000000E+00,9.431947E-01,0.000000E+00,1.155784E+04,0.000000E+00,5.954341E-01,0.000000E+00
03:00:00,5.653023E+03,1.261503E+03,2.916553E-01,9.735871E-02,1.857372E+04,0.000000E+00,9.569012E-01,0.000000E+00,1.156212E+04,0.000000E+00,5.956546E-01,0.000000E+00,1.830782E+04,0.000000E+00,9.431978E-01,0.000000E+00,1.155788E+04,0.000000E+00,5.954360E-01,0.000000E+00
03:10:00,5.653054E+03,1.255974E+03,2.916569E-01,9.693163E-02,1.857378E+04,0.000000E+00,9.569043E-01,0.000000E+00,1.156216E+04,0.000000E+00,5.956565E-01,0.000000E+00,1.830788E+04,0.000000E+00,9.432009E-01,0.000000E+00,1.155792E+04,0.000000E+00,5.954380E-01,0.000000E+00
03:20:00,5.653084E+03,1.250317E+03,2.916585E-01,9.649467E-02,1.857384E+04,0.000000E+00,9.569073E-01,0.000000E+00,1.156220E+04,0.000000E+00,5.956584E-01,0.000000E+00,1.830794E+04,0.000000E+00,9.432039E-01,0.000000E+00,1.155796E+04,0.000000E+00,5.954398E-01,0.000000E+00
03:30:00,5.653114E+03,1.244553E+03,2.916600E-01,9.604951E-02,1.857390E+04,0.000000E+00,9.569102E-01,0.000000E+00,1.156223E+04,0.000000E+00,5.956602E-01,0.000000E+00,1.830799E+04,0.000000E+00,9.432067E-01,0.000000E+00,1.155799E+04,0.000000E+00,5.954416E-01,0.000000E+00
03:40:00,5.653142E+03,1.238698E+03,2.916615E-01,9.559731E-02,1.857395E+04,0.000000E+00,9.569131E-01,0.000000E+00,1.156227E+04,0.000000E+00,5.956619E-01,0.000000E+00,1.830805E+04,0.000000E+00,9.432095E-01,0.000000E+00,1.155803E+04,0.000000E+00,5.954434E-01,0.000000E+00
03:50:00,5.653170E+03,1.232763E+03,2.916629E-01,9.513898E-02,1.857400E+04,0.000000E+00,9.569158E-01,0.000000E+00,1.156230E+04,0.000000E+00,5.956636E-01,0.000000E+00,1.830810E+04,0.000000E+00,9.432122E-01,0.000000E+00,1.155806E+04,0.000000E+00,5.954451E-01,0.000000E+00
04:00:00,5.653197E+03,1.226758E+03,2.916644E-01,9.467524E-02,1.857406E+04,0.000000E+00,9.569185E-01,0.000000E+00,1.156233E+04,0.000000E+00,5.956653E-01,0.000000E+00,1.830815E+04,0.000000E+00,9.432149E-01,0.000000E+00,1.155809E+04,0.000000E+00,5.954468E-01,0.000000E+00
04:10:00,5.653224E+03,1.220855E+03,2.916657E-01,9.421932E-02,1.857411E+04,0.000000E+00,9.569211E-01,0.000000E+00,1.156236E+04,0.000000E+00,5.956669E-01,0.000000E+00,1.830820E+04,0.000000E+00,9.432174E-01,0.000000E+00,1.155812E+04,0.000000E+00,5.954484E-01,0.000000E+00
04:20:00,5.653250E+03,1.215061E+03,2.916670E-01,9.377192E-02,1.857415E+04,0.000000E+00,9.569236E-01,0.000000E+00,1.156239E+04,0.000000E+00,5.956685E-01,0.000000E+00,1.830825E+04,0.000000E+00,9.432199E-01,0.000000E+00,1.155815E+04,0.000000E+00,5.954499E-01,0.000000E+00
04:30:00,5.653275E+03,1.209392E+03,2.916683E-01,9.333407E-02,1.857420E+04,0.000000E+00,9.569260E-01,0.000000E+00,1.156242E+04,0.000000E+00,5.956700E-01,0.000000E+00,1.830830E+04,0.000000E+00,9.432224E-01,0.000000E+00,1.155818E+04,0.000000E+00,5.954514E-01,0.000000E+00
04:40:00,5.653299E+03,1.203860E+03,2.916696E-01,9.290688E-02,1.857425E+04,0.000000E+00,9.569284E-01,0.000000E+00,1.156245E+04,0.000000E+00,5.956714E-01,0.000000E+00,1.830834E+04,0.000000E+00,9.432247E-01,0.000000E+00,1.155821E+04,0.000000E+00,5.954529E-01,0.000000E+00
04:50:00,5.653323E+03,1.198485E+03,2.916708E-01,9.249185E-02,1.857429E+04,0.000000E+00,9.569307E-01,0.000000E+00,1.156248E+04,0.000000E+00,5.956729E-01,0.000000E+00,1.830839E+04,0.000000E+00,9.432270E-01,0.000000E+00,1.155824E+04,0.000000E+00,5.954543E-01,0.000000E+00
05:00:00,5.653346E+03,1.193412E+03,2.916720E-01,9.210007E-02,1.857434E+04,0.000000E+00,9.569329E-01,0.000000E+00,1.156251E+04,0.000000E+00,5.956743E-01,0.000000E+00,1.830843E+04,0.000000E+00,9.432292E-01,0.000000E+00,1.155827E+04,0.000000E+00,5.954557E-01,0.000000E+00
05:10:00,5.653369E+03,1.189614E+03,2.916732E-01,9.180670E-02,1.857438E+04,0.000000E+00,9.569351E-01,0.000000E+00,1.156253E+04,0.000000E+00,5.956756E-01,0.000000E+00,1.830847E+04,0.000000E+00,9.432314E-01,0.000000E+00,1.155829E+04,0.000000E+00,5.954571E-01,0.000000E+00
05:20:00,5.653391E+03,1.187833E+03,2.916743E-01,9.166908E-02,1.857442E+04,0.000000E+00,9.569372E-01,0.000000E+00,1.156256E+04,0.000000E+00,5.956769E-01,0.000000E+00,1.830851E+04,0.000000E+00,9.432334E-01,0.000000E+00,1.155832E+04,0.000000E+00,5.954584E-01,0.000000E+00
05:30:00,5.653412E+03,1.188811E+03,2.916754E-01,9.174448E-02,1.857446E+04,0.000000E+00,9.569392E-01,0.000000E+00,1.156258E+04,0.000000E+00,5.956782E-01,0.000000E+00,1.830855E+04,0.000000E+00,9.432355E-01,0.000000E+00,1.155834E+04,0.000000E+00,5.954597E-01,0.000000E+00
05:40:00,5.653433E+03,1.193197E+03,2.916765E-01,9.208289E-02,1.857450E+04,0.000000E+00,9.569412E-01,0.000000E+00,1.156261E+04,0.000000E+00,5.956794E-01,0.000000E+00,1.830859E+04,0.000000E+00,9.432375E-01,0.000000E+00,1.155837E+04,0.000000E+00,5.954609E-01,0.000000E+00
05:50:00,5.653454E+03,1.201495E+03,2.916776E-01,9.272331E-02,1.857453E+04,0.000000E+00,9.569432E-01,0.000000E+00,1.156263E+04,0.000000E+00,5.956806E-01,0.000000E+00,1.830863E+04,0.000000E+00,9.432394E-01,0.000000E+00,1.155839E+04,0.000000E+00,5.954621E-01,0.000000E+00
06:00:00,5.653474E+03,1.213906E+03,2.916786E-01,9.368119E-02,1.857457E+04,0.000000E+00,9.569451E-01,0.000000E+00,1.156265E+04,2.476965E+01,5.956818E-01,1.924529E-03,1.830866E+04,0.000000E+00,9.432412E-01,0.000000E+00,1.155841E+04,0.000000E+00,5.954633E-01,0.000000E+00
06:10:00,5.327488E+03,2.082058E+03,2.748601E-01,1.720423E-01,1.697334E+04,6.280728E+02,8.744511E-01,5.750433E-02,1.056258E+04,6.325368E+02,5.441605E-01,5.609936E-02,1.670744E+04,6.693381E+02,8.607479E-01,6.102075E-02,1.055834E+04,3.761300E+02,5.439419E-01,3.453615E-02
06:20:00,5.001406E+03,2.755352E+03,2.580406E-01,2.421590E-01,1.537194E+04,1.176549E+03,7.920004E-01,1.112758E-01,9.562442E+03,1.240319E+03,4.926681E-01,1.156955E-01,1.510604E+04,1.265486E+03,7.782975E-01,1.194671E-01,9.558201E+03,7.076569E+02,4.924495E-01,6.703872E-02
06:30:00,4.675190E+03,3.365896E+03,2.412155E-01,3.062050E-01,1.377003E+04,1.699374E+03,7.095482E-01,1.625915E-01,8.561998E+03,1.848200E+03,4.411757E-01,1.753738E-01,1.350413E+04,1.836499E+03,6.958441E-01,1.755152E-01,8.557757E+03,1.022144E+03,4.409572E-01,9.790529E-02
06:40:00,4.348833E+03,3.943557E+03,2.243840E-01,3.670686E-01,1.216764E+04,2.211771E+03,6.270825E-01,2.128667E-01,7.561251E+03,2.473605E+03,3.896749E-01,2.367406E-01,1.190175E+04,2.398537E+03,6.133768E-01,2.306624E-01,7.557010E+03,1.328754E+03,3.894563E-01,1.279884E-01
06:50:00,4.022364E+03,4.494987E+03,2.075474E-01,4.254136E-01,1.056493E+04,2.718112E+03,5.446047E-01,2.625322E-01,6.560290E+03,3.118554E+03,3.381662E-01,2.999988E-01,1.029904E+04,2.955477E+03,5.308973E-01,2.852912E-01,6.556049E+03,1.630318E+03,3.379475E-01,1.575671E-01
07:00:00,3.695790E+03,5.025223E+03,1.907060E-01,4.817456E-01,8.961936E+03,3.221624E+03,4.621152E-01,3.119111E-01,5.559153E+03,3.758788E+03,2.866497E-01,3.632859E-01,8.696054E+03,3.509600E+03,4.484060E-01,3.396331E-01,5.554912E+03,1.928969E+03,2.864310E-01,1.868551E-01
07:10:00,3.695121E+03,4.685815E+03,1.906792E-01,4.593170E-01,8.959975E+03,3.099093E+03,4.621103E-01,3.039799E-01,5.557953E+03,3.836014E+03,2.866483E-01,3.762772E-01,8.694100E+03,3.395096E+03,4.483988E-01,3.330186E-01,5.553711E+03,1.851717E+03,2.864296E-01,1.816265E-01
07:20:00,3.694455E+03,4.529883E+03,1.906490E-01,4.440394E-01,8.957987E+03,3.059945E+03,4.620524E-01,3.001507E-01,5.556693E+03,3.930770E+03,2.866115E-01,3.855653E-01,8.692120E+03,3.354928E+03,4.483389E-01,3.290882E-01,5.552452E+03,1.820572E+03,2.863927E-01,1.785778E-01
07:30:00,3.693839E+03,4.427413E+03,1.906203E-01,4.339608E-01,8.956338E+03,3.051526E+03,4.619876E-01,2.992744E-01,5.555627E+03,4.041339E+03,2.865691E-01,3.963311E-01,8.690482E+03,3.341312E+03,4.482736E-01,3.276942E-01,5.551387E+03,1.808978E+03,2.863503E-01,1.774109E-01
07:40:00,3.693288E+03,4.350141E+03,1.905943E-01,4.263640E-01,8.955029E+03,3.060933E+03,4.619292E-01,3.001641E-01,5.554773E+03,4.147766E+03,2.865305E-01,4.067212E-01,8.689179E+03,3.339691E+03,4.482152E-01,3.274974E-01,5.550533E+03,1.809183E+03,2.863118E-01,1.774123E-01
07:50:00,3.692782E+03,4.292740E+03,1.905701E-01,4.207260E-01,8.953932E+03,3.085092E+03,4.618767E-01,3.025171E-01,5.554054E+03,4.247058E+03,2.864958E-01,4.164376E-01,8.688087E+03,3.346494E+03,4.481628E-01,3.281459E-01,5.549814E+03,1.818778E+03,2.862771E-01,1.783444E-01
08:00:00,3.692320E+03,4.251350E+03,1.905478E-01,4.166639E-01,8.953005E+03,3.121932E+03,4.618307E-01,3.061237E-01,5.553444E+03,4.337171E+03,2.864654E-01,4.252683E-01,8.687162E+03,3.359720E+03,4.481169E-01,3.294358E-01,5.549204E+03,1.836167E+03,2.862467E-01,1.800467E-01
08:10:00,3.691906E+03,4.222992E+03,1.905276E-01,4.138826E-01,8.952225E+03,3.168116E+03,4.617913E-01,3.106526E-01,5.552931E+03,4.416658E+03,2.864394E-01,4.330642E-01,8.686382E+03,3.376841E+03,4.480775E-01,3.311145E-01,5.548691E+03,1.859082E+03,2.862206E-01,1.822942E-01
08:20:00,3.691538E+03,4.205471E+03,1.905095E-01,4.121655E-01,8.951563E+03,3.222852E+03,4.617575E-01,3.160239E-01,5.552495E+03,4.486108E+03,2.864171E-01,4.398796E-01,8.685721E+03,3.398289E+03,4.480437E-01,3.332213E-01,5.548255E+03,1.886715E+03,2.861984E-01,1.850065E-01
08:30:00,3.691210E+03,4.196865E+03,1.904934E-01,4.113231E-01,8.950997E+03,3.285944E+03,4.617285E-01,3.222168E-01,5.552123E+03,4.545359E+03,2.863979E-01,4.456968E-01,8.685154E+03,3.424652E+03,4.480146E-01,3.358124E-01,5.547883E+03,1.918470E+03,2.861792E-01,1.881242E-01
08:40:00,3.690920E+03,4.195728E+03,1.904790E-01,4.112132E-01,8.950507E+03,3.356299E+03,4.617032E-01,3.291229E-01,5.551801E+03,4.595061E+03,2.863814E-01,4.505775E-01,8.684664E+03,3.455228E+03,4.479894E-01,3.388174E-01,5.547561E+03,1.953295E+03,2.861626E-01,1.915434E-01
08:50:00,3.690662E+03,4.200934E+03,1.904661E-01,4.117251E-01,8.950079E+03,3.433990E+03,4.616812E-01,3.367484E-01,5.551520E+03,4.634150E+03,2.863669E-01,4.544166E-01,8.684235E+03,3.490587E+03,4.479673E-01,3.422914E-01,5.547280E+03,1.991084E+03,2.861482E-01,1.952532E-01
09:00:00,3.690433E+03,4.211617E+03,1.904547E-01,4.127736E-01,8.949701E+03,3.519337E+03,4.616617E-01,3.451242E-01,5.551273E+03,4.661902E+03,2.863541E-01,4.571426E-01,8.683857E+03,3.531247E+03,4.479478E-01,3.462846E-01,5.547033E+03,2.031573E+03,2.861354E-01,1.992275E-01
09:10:00,3.690229E+03,4.226981E+03,1.904444E-01,4.142809E-01,8.949365E+03,3.611601E+03,4.616444E-01,3.541773E-01,5.551054E+03,4.675020E+03,2.863428E-01,4.584321E-01,8.683521E+03,3.577234E+03,4.479305E-01,3.507993E-01,5.546814E+03,2.074373E+03,2.861241E-01,2.034277E-01
09:20:00,3.690046E+03,4.246474E+03,1.904352E-01,4.161924E-01,8.949063E+03,3.711331E+03,4.616288E-01,3.639613E-01,5.550858E+03,4.674077E+03,2.863327E-01,4.583407E-01,8.683219E+03,3.627836E+03,4.479149E-01,3.557655E-01,5.546618E+03,2.118920E+03,2.861140E-01,2.077985E-01
09:30:00,3.689881E+03,4.269630E+03,1.904269E-01,4.184626E-01,8.948790E+03,3.818825E+03,4.616147E-01,3.745056E-01,5.550681E+03,4.658631E+03,2.863236E-01,4.568257E-01,8.682946E+03,3.682580E+03,4.479009E-01,3.611365E-01,5.546441E+03,2.164885E+03,2.861049E-01,2.123076E-01
09:40:00,3.689733E+03,4.296056E+03,1.904194E-01,4.210532E-01,8.948542E+03,3.934092E+03,4.616019E-01,3.858111E-01,5.550520E+03,4.628103E+03,2.863153E-01,4.538310E-01,8.682698E+03,3.741018E+03,4.478881E-01,3.668688E-01,5.546281E+03,2.212064E+03,2.860966E-01,2.169350E-01
09:50:00,3.689598E+03,4.325401E+03,1.904126E-01,4.239296E-01,8.948314E+03,4.056819E+03,4.615901E-01,3.978476E-01,5.550374E+03,4.582461E+03,2.863077E-01,4.493539E-01,8.682470E+03,3.802641E+03,4.478763E-01,3.729130E-01,5.546134E+03,2.260258E+03,2.860890E-01,2.216617E-01
10:00:00,3.689475E+03,4.357344E+03,1.904063E-01,4.270605E-01,8.948103E+03,4.186403E+03,4.615793E-01,4.105560E-01,5.550238E+03,4.522522E+03,2.863008E-01,4.434749E-01,8.682260E+03,3.866933E+03,4.478655E-01,3.792186E-01,5.545998E+03,2.309274E+03,2.860821E-01,2.264688E-01
10:10:00,3.689362E+03,4.391553E+03,1.904006E-01,4.304134E-01,8.947908E+03,4.322197E+03,4.615692E-01,4.238731E-01,5.550113E+03,4.452141E+03,2.862943E-01,4.365721E-01,8.682065E+03,3.932583E+03,4.478554E-01,3.856570E-01,5.545873E+03,2.358369E+03,2.860756E-01,2.312833E-01
10:20:00,3.689258E+03,4.427767E+03,1.903953E-01,4.339628E-01,8.947725E+03,4.463118E+03,4.615598E-01,4.376925E-01,5.549997E+03,4.372885E+03,2.862883E-01,4.287992E-01,8.681884E+03,3.999598E+03,4.478460E-01,3.922290E-01,5.545757E+03,2.407658E+03,2.860696E-01,2.361168E-01
10:30:00,3.689162E+03,4.465748E+03,1.903904E-01,4.376853E-01,8.947554E+03,4.607978E+03,4.615510E-01,4.518979E-01,5.549888E+03,4.288134E+03,2.862827E-01,4.204880E-01,8.681714E+03,4.067711E+03,4.478373E-01,3.989085E-01,5.545648E+03,2.457062E+03,2.860640E-01,2.409615E-01
10:40:00,3.689073E+03,4.505271E+03,1.903858E-01,4.415588E-01,8.947393E+03,4.755523E+03,4.615427E-01,4.663662E-01,5.549786E+03,4.202283E+03,2.862774E-01,4.120691E-01,8.681553E+03,4.136560E+03,4.478290E-01,4.056600E-01,5.545546E+03,2.506414E+03,2.860587E-01,2.458010E-01
10:50:00,3.688989E+03,4.546136E+03,1.903815E-01,4.455639E-01,8.947241E+03,4.904452E+03,4.615348E-01,4.809698E-01,5.549690E+03,4.119736E+03,2.862725E-01,4.039748E-01,8.681402E+03,4.205850E+03,4.478212E-01,4.124548E-01,5.545449E+03,2.555568E+03,2.860537E-01,2.506210E-01
11:00:00,3.688910E+03,4.588163E+03,1.903775E-01,4.496828E-01,8.947097E+03,5.053446E+03,4.615274E-01,4.955795E-01,5.549598E+03,4.044400E+03,2.862678E-01,3.965880E-01,8.681259E+03,4.275353E+03,4.478138E-01,4.192702E-01,5.545358E+03,2.604404E+03,2.860490E-01,2.554097E-01
11:10:00,3.688836E+03,4.631071E+03,1.903737E-01,4.538880E-01,8.946960E+03,5.200385E+03,4.615203E-01,5.099873E-01,5.549512E+03,3.978633E+03,2.862633E-01,3.901399E-01,8.681123E+03,4.344129E+03,4.478068E-01,4.260143E-01,5.545272E+03,2.652340E+03,2.860446E-01,2.601102E-01
11:20:00,3.688766E+03,4.674699E+03,1.903701E-01,4.581637E-01,8.946829E+03,5.343969E+03,4.615136E-01,5.240658E-01,5.549429E+03,3.923643E+03,2.862590E-01,3.847489E-01,8.680993E+03,4.412014E+03,4.478001E-01,4.326708E-01,5.545189E+03,2.699284E+03,2.860403E-01,2.647132E-01
11:30:00,3.688700E+03,4.718881E+03,1.903666E-01,4.624938E-01,8.946704E+03,5.482965E+03,4.615071E-01,5.376941E-01,5.549351E+03,3.878762E+03,2.862550E-01,3.803494E-01,8.680869E+03,4.478849E+03,4.477937E-01,4.392243E-01,5.545111E+03,2.745150E+03,2.860363E-01,2.692106E-01
11:40:00,3.688637E+03,4.763380E+03,1.903634E-01,4.668549E-01,8.946585E+03,5.616113E+03,4.615009E-01,5.507487E-01,5.549276E+03,3.841555E+03,2.862511E-01,3.767024E-01,8.680751E+03,4.544416E+03,4.477876E-01,4.456535E-01,5.545036E+03,2.789820E+03,2.860324E-01,2.735906E-01
11:50:00,3.688577E+03,4.808023E+03,1.903603E-01,4.712301E-01,8.946470E+03,5.742371E+03,4.614950E-01,5.631275E-01,5.549204E+03,3.808824E+03,2.862474E-01,3.734942E-01,8.680637E+03,4.608553E+03,4.477817E-01,4.519423E-01,5.544964E+03,2.833219E+03,2.860287E-01,2.778460E-01
12:00:00,3.688519E+03,4.852622E+03,1.903573E-01,4.756009E-01,8.946360E+03,5.860797E+03,4.614893E-01,5.747381E-01,5.549135E+03,3.778389E+03,2.862438E-01,3.705109E-01,8.680528E+03,4.671091E+03,4.477761E-01,4.580743E-01,5.544894E+03,2.875414E+03,2.860251E-01,2.819832E-01
12:10:00,3.688464E+03,4.897095E+03,1.903545E-01,4.799593E-01,8.946254E+03,5.971362E+03,4.614839E-01,5.855778E-01,5.549068E+03,3.749424E+03,2.862404E-01,3.676713E-01,8.680423E+03,4.732613E+03,4.477707E-01,4.641066E-01,5.544828E+03,2.918028E+03,2.860217E-01,2.861615E-01
12:20:00,3.688411E+03,4.941256E+03,1.903517E-01,4.842872E-01,8.946152E+03,6.073412E+03,4.614786E-01,5.955826E-01,5.549004E+03,3.720692E+03,2.862371E-01,3.648544E-01,8.680322E+03,4.792981E+03,4.477654E-01,4.700257E-01,5.544764E+03,2.961209E+03,2.860184E-01,2.903956E-01
12:30:00,3.688359E+03,4.984930E+03,1.903491E-01,4.885673E-01,8.946054E+03,6.166431E+03,4.614735E-01,6.047017E-01,5.548943E+03,3.692164E+03,2.862339E-01,3.620573E-01,8.680224E+03,4.852070E+03,4.477604E-01,4.758195E-01,5.544703E+03,3.004797E+03,2.860152E-01,2.946697E-01
12:40:00,3.688310E+03,5.028016E+03,1.903466E-01,4.927898E-01,8.945959E+03,6.250221E+03,4.614687E-01,6.129159E-01,5.548884E+03,3.665101E+03,2.862309E-01,3.594037E-01,8.680130E+03,4.909830E+03,4.477556E-01,4.814830E-01,5.544643E+03,3.049457E+03,2.860121E-01,2.990488E-01
12:50:00,3.688263E+03,5.070352E+03,1.903441E-01,4.969388E-01,8.945867E+03,6.324450E+03,4.614639E-01,6.201927E-01,5.548826E+03,3.641277E+03,2.862279E-01,3.570679E-01,8.680039E+03,4.966168E+03,4.477509E-01,4.870069E-01,5.544586E+03,3.096974E+03,2.860092E-01,3.037082E-01
13:00:00,3.688217E+03,5.111858E+03,1.903417E-01,5.010064E-01,8.945779E+03,6.389210E+03,4.614594E-01,6.265409E-01,5.548771E+03,3.621321E+03,2.862251E-01,3.551114E-01,8.679952E+03,5.021051E+03,4.477464E-01,4.923882E-01,5.544531E+03,3.150140E+03,2.860063E-01,3.089216E-01
13:10:00,3.688173E+03,5.152380E+03,1.903395E-01,5.049776E-01,8.945693E+03,6.444189E+03,4.614549E-01,6.319301E-01,5.548718E+03,3.605012E+03,2.862223E-01,3.535126E-01,8.679867E+03,5.074160E+03,4.477420E-01,4.975955E-01,5.544477E+03,3.211232E+03,2.860036E-01,3.149125E-01
13:20:00,3.688130E+03,5.191819E+03,1.903372E-01,5.088426E-01,8.945610E+03,6.489714E+03,4.614507E-01,6.363924E-01,5.548666E+03,3.592788E+03,2.862196E-01,3.523145E-01,8.679785E+03,5.125427E+03,4.477378E-01,5.026222E-01,5.544426E+03,3.284052E+03,2.860009E-01,3.220538E-01
13:30:00,3.688088E+03,5.230112E+03,1.903351E-01,5.125953E-01,8.945530E+03,6.526230E+03,4.614465E-01,6.399714E-01,5.548616E+03,3.584757E+03,2.862171E-01,3.515276E-01,8.679706E+03,5.174807E+03,4.477337E-01,5.074638E-01,5.544376E+03,3.372767E+03,2.859983E-01,3.307540E-01
13:40:00,3.688048E+03,5.267216E+03,1.903330E-01,5.162315E-01,8.945453E+03,6.554254E+03,4.614425E-01,6.427178E-01,5.548568E+03,3.580577E+03,2.862146E-01,3.511182E-01,8.679629E+03,5.222263E+03,4.477297E-01,5.121167E-01,5.544327E+03,3.480432E+03,2.859958E-01,3.413129E-01
13:50:00,3.688009E+03,5.303103E+03,1.903310E-01,5.197483E-01,8.945377E+03,6.574650E+03,4.614387E-01,6.447164E-01,5.548521E+03,3.579630E+03,2.862121E-01,3.510259E-01,8.679554E+03,5.267758E+03,4.477259E-01,5.165774E-01,5.544280E+03,3.608279E+03,2.859934E-01,3.538512E-01
14:00:00,3.687971E+03,5.337684E+03,1.903291E-01,5.231373E-01,8.945305E+03,6.587983E+03,4.614349E-01,6.460226E-01,5.548475E+03,3.581197E+03,2.862098E-01,3.511801E-01,8.679482E+03,5.311202E+03,4.477221E-01,5.208368E-01,5.544235E+03,3.755531E+03,2.859911E-01,3.682923E-01
14:10:00,3.687934E+03,5.370851E+03,1.903272E-01,5.263876E-01,8.945234E+03,6.594768E+03,4.614313E-01,6.466868E-01,5.548431E+03,3.584239E+03,2.862075E-01,3.514788E-01,8.679412E+03,5.352042E+03,4.477185E-01,5.248411E-01,5.544191E+03,3.919188E+03,2.859888E-01,3.843421E-01
14:20:00,3.687899E+03,5.402543E+03,1.903253E-01,5.294934E-01,8.945166E+03,6.595810E+03,4.614277E-01,6.467880E-01,5.548389E+03,3.588064E+03,2.862053E-01,3.518541E-01,8.679345E+03,5.390181E+03,4.477150E-01,5.285803E-01,5.544148E+03,4.095210E+03,2.859866E-01,4.016038E-01
14:30:00,3.687864E+03,5.432665E+03,1.903235E-01,5.324453E-01,8.945099E+03,6.591905E+03,4.614243E-01,6.464043E-01,5.548347E+03,3.592072E+03,2.862032E-01,3.522473E-01,8.679279E+03,5.425492E+03,4.477117E-01,5.320422E-01,5.544107E+03,4.278728E+03,2.859845E-01,4.196000E-01
14:40:00,3.687830E+03,5.461100E+03,1.903218E-01,5.352319E-01,8.945035E+03,6.583753E+03,4.614210E-01,6.456044E-01,5.548307E+03,3.595742E+03,2.862011E-01,3.526073E-01,8.679215E+03,5.457815E+03,4.477084E-01,5.352111E-01,5.544067E+03,4.464604E+03,2.859824E-01,4.378264E-01
14:50:00,3.687797E+03,5.487718E+03,1.903201E-01,5.378403E-01,8.944972E+03,6.571842E+03,4.614178E-01,6.444359E-01,5.548268E+03,3.598627E+03,2.861991E-01,3.528902E-01,8.679153E+03,5.486968E+03,4.477052E-01,5.380692E-01,5.544028E+03,4.647975E+03,2.859804E-01,4.558064E-01
15:00:00,3.687766E+03,5.512379E+03,1.903185E-01,5.402570E-01,8.944912E+03,6.556730E+03,4.614146E-01,6.429537E-01,5.548231E+03,3.599755E+03,2.861972E-01,3.530007E-01,8.679093E+03,5.511902E+03,4.477021E-01,5.405136E-01,5.543990E+03,4.826670E+03,2.859785E-01,4.733271E-01
15:10:00,3.687735E+03,5.534906E+03,1.903169E-01,5.424646E-01,8.944853E+03,6.537989E+03,4.614116E-01,6.411157E-01,5.548194E+03,3.598983E+03,2.861953E-01,3.529249E-01,8.679035E+03,5.532682E+03,4.476991E-01,5.425504E-01,5.543954E+03,4.996258E+03,2.859766E-01,4.899540E-01
15:20:00,3.687705E+03,5.555159E+03,1.903153E-01,5.444493E-01,8.944796E+03,6.515326E+03,4.614087E-01,6.388931E-01,5.548159E+03,3.596141E+03,2.861935E-01,3.526460E-01,8.678979E+03,5.549252E+03,4.476962E-01,5.441745E-01,5.543918E+03,5.154498E+03,2.859747E-01,5.054677E-01
15:30:00,3.687675E+03,5.573005E+03,1.903138E-01,5.461980E-01,8.944741E+03,6.488196E+03,4.614058E-01,6.362327E-01,5.548124E+03,3.590989E+03,2.861917E-01,3.521405E-01,8.678924E+03,5.561407E+03,4.476933E-01,5.453658E-01,5.543884E+03,5.300418E+03,2.859730E-01,5.197731E-01
15:40:00,3.687647E+03,5.588321E+03,1.903123E-01,5.476988E-01,8.944687E+03,6.455698E+03,4.614030E-01,6.330457E-01,5.548091E+03,3.583329E+03,2.861900E-01,3.513891E-01,8.678871E+03,5.568972E+03,4.476906E-01,5.461068E-01,5.543850E+03,5.433736E+03,2.859712E-01,5.328426E-01
15:50:00,3.687619E+03,5.600996E+03,1.903109E-01,5.489409E-01,8.944635E+03,6.417008E+03,4.614003E-01,6.292516E-01,5.548058E+03,3.573009E+03,2.861883E-01,3.503768E-01,8.678819E+03,5.571796E+03,4.476879E-01,5.463830E-01,5.543818E+03,5.554593E+03,2.859696E-01,5.446902E-01
16:00:00,3.687592E+03,5.610927E+03,1.903095E-01,5.499139E-01,8.944584E+03,6.371067E+03,4.613977E-01,6.247463E-01,5.548027E+03,3.560513E+03,2.861867E-01,3.491512E-01,8.678769E+03,5.570604E+03,4.476853E-01,5.462654E-01,5.543786E+03,5.661201E+03,2.859679E-01,5.551407E-01
16:10:00,3.687566E+03,5.618182E+03,1.903081E-01,5.506248E-01,8.944535E+03,6.318643E+03,4.613952E-01,6.196053E-01,5.547996E+03,3.546043E+03,2.861851E-01,3.477321E-01,8.678720E+03,5.565771E+03,4.476828E-01,5.457909E-01,5.543756E+03,5.755772E+03,2.859663E-01,5.644111E-01
16:20:00,3.687540E+03,5.622687E+03,1.903068E-01,5.510660E-01,8.944487E+03,6.258967E+03,4.613927E-01,6.137532E-01,5.547966E+03,3.528778E+03,2.861836E-01,3.460389E-01,8.678672E+03,5.556139E+03,4.476804E-01,5.448457E-01,5.543726E+03,5.839915E+03,2.859648E-01,5.726591E-01
16:30:00,3.687515E+03,5.624377E+03,1.903055E-01,5.512315E-01,8.944440E+03,6.194010E+03,4.613903E-01,6.073831E-01,5.547938E+03,3.509071E+03,2.861821E-01,3.441061E-01,8.678626E+03,5.543232E+03,4.476780E-01,5.435795E-01,5.543697E+03,5.912815E+03,2.859633E-01,5.798051E-01
16:40:00,3.687491E+03,5.623247E+03,1.903043E-01,5.511206E-01,8.944395E+03,6.124764E+03,4.613880E-01,6.005927E-01,5.547910E+03,3.487019E+03,2.861806E-01,3.419435E-01,8.678582E+03,5.527801E+03,4.476757E-01,5.420659E-01,5.543669E+03,5.973733E+03,2.859619E-01,5.857764E-01
16:50:00,3.687467E+03,5.619318E+03,1.903030E-01,5.507354E-01,8.944351E+03,6.051962E+03,4.613857E-01,5.934535E-01,5.547882E+03,3.462612E+03,2.861792E-01,3.395500E-01,8.678538E+03,5.510105E+03,4.476734E-01,5.403302E-01,5.543642E+03,6.021788E+03,2.859605E-01,5.904865E-01
17:00:00,3.687444E+03,5.612824E+03,1.903019E-01,5.500987E-01,8.944309E+03,5.976708E+03,4.613835E-01,5.860742E-01,5.547856E+03,3.435836E+03,2.861778E-01,3.369242E-01,8.678496E+03,5.490438E+03,4.476713E-01,5.384013E-01,5.543615E+03,6.054099E+03,2.859591E-01,5.936529E-01
17:10:00,3.687422E+03,5.604360E+03,1.903007E-01,5.492690E-01,8.944267E+03,5.899920E+03,4.613814E-01,5.785444E-01,5.547830E+03,3.406703E+03,2.861765E-01,3.340673E-01,8.678455E+03,5.469243E+03,4.476691E-01,5.363228E-01,5.543590E+03,6.069345E+03,2.859578E-01,5.951459E-01
17:20:00,3.687400E+03,5.594552E+03,1.902996E-01,5.483077E-01,8.944227E+03,5.823017E+03,4.613793E-01,5.710035E-01,5.547805E+03,3.375913E+03,2.861752E-01,3.310478E-01,8.678415E+03,5.448083E+03,4.476671E-01,5.342476E-01,5.543565E+03,6.065750E+03,2.859565E-01,5.947915E-01
17:30:00,3.687379E+03,5.583821E+03,1.902985E-01,5.472559E-01,8.944188E+03,5.744755E+03,4.613773E-01,5.633295E-01,5.547781E+03,3.343114E+03,2.861740E-01,3.278314E-01,8.678376E+03,5.426156E+03,4.476651E-01,5.320975E-01,5.543541E+03,6.043077E+03,2.859552E-01,5.925665E-01
17:40:00,3.687358E+03,5.572254E+03,1.902974E-01,5.461223E-01,8.944150E+03,5.665022E+03,4.613753E-01,5.555112E-01,5.547757E+03,3.308190E+03,2.861728E-01,3.244067E-01,8.678339E+03,5.403534E+03,4.476631E-01,5.298791E-01,5.543517E+03,6.000424E+03,2.859540E-01,5.883824E-01
17:50:00,3.687338E+03,5.559687E+03,1.902964E-01,5.448906E-01,8.944113E+03,5.583919E+03,4.613734E-01,5.475586E-01,5.547734E+03,3.271160E+03,2.861716E-01,3.207754E-01,8.678302E+03,5.380745E+03,4.476613E-01,5.276444E-01,5.543494E+03,5.936618E+03,2.859528E-01,5.821243E-01
18:00:00,3.687318E+03,5.545568E+03,1.902953E-01,5.435068E-01,8.944077E+03,5.501243E+03,4.613716E-01,5.394517E-01,5.547712E+03,3.232021E+03,2.861704E-01,3.169373E-01,8.678267E+03,5.358032E+03,4.476594E-01,5.254171E-01,5.543472E+03,5.852422E+03,2.859517E-01,5.738670E-01
18:10:00,4.013316E+03,5.528733E+03,2.071195E-01,5.418569E-01,1.054549E+04,5.415709E+03,5.439788E-01,5.310645E-01,6.547889E+03,3.190246E+03,3.377631E-01,3.128407E-01,1.027968E+04,5.334192E+03,5.302665E-01,5.230794E-01,6.543649E+03,5.745836E+03,3.375443E-01,5.634144E-01
18:20:00,4.339341E+03,5.508019E+03,2.239424E-01,5.398267E-01,1.214689E+04,5.326647E+03,6.265329E-01,5.223312E-01,7.548046E+03,3.145731E+03,3.893214E-01,3.084755E-01,1.188108E+04,5.307824E+03,6.128188E-01,5.204937E-01,7.543806E+03,5.614481E+03,3.891026E-01,5.505331E-01
18:30:00,4.665465E+03,5.482401E+03,2.407669E-01,5.373159E-01,1.374857E+04,5.233288E+03,7.090146E-01,5.131764E-01,8.548347E+03,3.098302E+03,4.408324E-01,3.038244E-01,1.348275E+04,5.276092E+03,6.953009E-01,5.173819E-01,8.544107E+03,5.456517E+03,4.406137E-01,5.350426E-01
18:40:00,4.991735E+03,5.451068E+03,2.575962E-01,5.342449E-01,1.535075E+04,5.134505E+03,7.914828E-01,5.034898E-01,9.548957E+03,3.047501E+03,4.923348E-01,2.988426E-01,1.508492E+04,5.233760E+03,7.777704E-01,5.132304E-01,9.544717E+03,5.267215E+03,4.921161E-01,5.164793E-01
18:50:00,5.318133E+03,5.413472E+03,2.744303E-01,5.305601E-01,1.695330E+04,5.029965E+03,8.739555E-01,4.932384E-01,1.054980E+04,2.993143E+03,5.438402E-01,2.935121E-01,1.668746E+04,5.176401E+03,8.602447E-01,5.076049E-01,1.054556E+04,5.046176E+03,5.436215E-01,4.948037E-01
19:00:00,5.644653E+03,5.369338E+03,2.912695E-01,5.262345E-01,1.855615E+04,4.919784E+03,9.564390E-01,4.824338E-01,1.155085E+04,2.935112E+03,5.953527E-01,2.878212E-01,1.829031E+04,5.099732E+03,9.427298E-01,5.000856E-01,1.154661E+04,4.797456E+03,5.951340E-01,4.704138E-01
19:10:00,5.645272E+03,5.319235E+03,2.912887E-01,5.213239E-01,1.855783E+04,4.807653E+03,9.563255E-01,4.714380E-01,1.155187E+04,2.875289E+03,5.952792E-01,2.819547E-01,1.829198E+04,5.006789E+03,9.426180E-01,4.909698E-01,1.154763E+04,4.536602E+03,5.950606E-01,4.448341E-01
19:20:00,5.645972E+03,5.264125E+03,2.913141E-01,5.159226E-01,1.855973E+04,4.695208E+03,9.562757E-01,4.604115E-01,1.155306E+04,2.814329E+03,5.952471E-01,2.759767E-01,1.829387E+04,4.899806E+03,9.425716E-01,4.804774E-01,1.154882E+04,4.275059E+03,5.950285E-01,4.191877E-01
19:30:00,5.646666E+03,5.205289E+03,2.913425E-01,5.101561E-01,1.856154E+04,4.584008E+03,9.563074E-01,4.495072E-01,1.155422E+04,2.752905E+03,5.952683E-01,2.699533E-01,1.829567E+04,4.781384E+03,9.426046E-01,4.688634E-01,1.154998E+04,4.020512E+03,5.950498E-01,3.942280E-01
19:40:00,5.647297E+03,5.144077E+03,2.913701E-01,5.041568E-01,1.856300E+04,4.476097E+03,9.563603E-01,4.389257E-01,1.155517E+04,2.692051E+03,5.953033E-01,2.639859E-01,1.829713E+04,4.656744E+03,9.426579E-01,4.566399E-01,1.155093E+04,3.783827E+03,5.950847E-01,3.710204E-01
19:50:00,5.647874E+03,5.081763E+03,2.913965E-01,4.980495E-01,1.856422E+04,4.372681E+03,9.564153E-01,4.287851E-01,1.155597E+04,2.632539E+03,5.953396E-01,2.581502E-01,1.829835E+04,4.530819E+03,9.427130E-01,4.442908E-01,1.155173E+04,3.572141E+03,5.951210E-01,3.502649E-01
20:00:00,5.648391E+03,5.019509E+03,2.914209E-01,4.919483E-01,1.856524E+04,4.274557E+03,9.564652E-01,4.191637E-01,1.155664E+04,2.575094E+03,5.953725E-01,2.525173E-01,1.829936E+04,4.408919E+03,9.427629E-01,4.323370E-01,1.155240E+04,3.388269E+03,5.951540E-01,3.322371E-01
20:10:00,5.648847E+03,4.958047E+03,2.914429E-01,4.859248E-01,1.856609E+04,4.180931E+03,9.565080E-01,4.099834E-01,1.155720E+04,2.519579E+03,5.954009E-01,2.470737E-01,1.830021E+04,4.291436E+03,9.428058E-01,4.208167E-01,1.155296E+04,3.225061E+03,5.951823E-01,3.162359E-01
20:20:00,5.649245E+03,4.897577E+03,2.914624E-01,4.799985E-01,1.856680E+04,4.091387E+03,9.565445E-01,4.012034E-01,1.155767E+04,2.466019E+03,5.954250E-01,2.418218E-01,1.830093E+04,4.178584E+03,9.428423E-01,4.097508E-01,1.155343E+04,3.078303E+03,5.952065E-01,3.018474E-01
20:30:00,5.649591E+03,4.838081E+03,2.914796E-01,4.741677E-01,1.856741E+04,4.005730E+03,9.565758E-01,3.928045E-01,1.155807E+04,2.414476E+03,5.954457E-01,2.367677E-01,1.830153E+04,4.071419E+03,9.428735E-01,3.992428E-01,1.155383E+04,2.947063E+03,5.952271E-01,2.889802E-01
20:40:00,5.649893E+03,4.779573E+03,2.914947E-01,4.684337E-01,1.856793E+04,3.923777E+03,9.566027E-01,3.847687E-01,1.155842E+04,2.364952E+03,5.954634E-01,2.319117E-01,1.830206E+04,3.970608E+03,9.429005E-01,3.893578E-01,1.155418E+04,2.830333E+03,5.952449E-01,2.775356E-01
20:50:00,5.650156E+03,4.722145E+03,2.915080E-01,4.628056E-01,1.856839E+04,3.845339E+03,9.566261E-01,3.770776E-01,1.155872E+04,2.317410E+03,5.954789E-01,2.272499E-01,1.830251E+04,3.876241E+03,9.429239E-01,3.801049E-01,1.155448E+04,2.726621E+03,5.952603E-01,2.673674E-01
21:00:00,5.650388E+03,4.665933E+03,2.915198E-01,4.572967E-01,1.856878E+04,3.770241E+03,9.566467E-01,3.697139E-01,1.155898E+04,2.271792E+03,5.954924E-01,2.227768E-01,1.830291E+04,3.788049E+03,9.429445E-01,3.714576E-01,1.155474E+04,2.634258E+03,5.952738E-01,2.583118E-01
21:10:00,5.650592E+03,4.611077E+03,2.915302E-01,4.519207E-01,1.856914E+04,3.697866E+03,9.566649E-01,3.626173E-01,1.155921E+04,2.227755E+03,5.955044E-01,2.184587E-01,1.830326E+04,3.705166E+03,9.429628E-01,3.633309E-01,1.155497E+04,2.551364E+03,5.952858E-01,2.501848E-01
21:20:00,5.650772E+03,4.557682E+03,2.915394E-01,4.466879E-01,1.856946E+04,3.628043E+03,9.566813E-01,3.557708E-01,1.155942E+04,2.185217E+03,5.955150E-01,2.142877E-01,1.830358E+04,3.627068E+03,9.429791E-01,3.556732E-01,1.155518E+04,2.476465E+03,5.952965E-01,2.428414E-01
21:30:00,5.650934E+03,4.505834E+03,2.915477E-01,4.416067E-01,1.856974E+04,3.560618E+03,9.566960E-01,3.491595E-01,1.155960E+04,2.144100E+03,5.955246E-01,2.102558E-01,1.830387E+04,3.553246E+03,9.429939E-01,3.484350E-01,1.155536E+04,2.408292E+03,5.953060E-01,2.361574E-01
21:40:00,5.651079E+03,4.455604E+03,2.915551E-01,4.366841E-01,1.857000E+04,3.495459E+03,9.567094E-01,3.427702E-01,1.155977E+04,2.104331E+03,5.955333E-01,2.063561E-01,1.830413E+04,3.483245E+03,9.430072E-01,3.415711E-01,1.155553E+04,2.345786E+03,5.953147E-01,2.300290E-01
21:50:00,5.651211E+03,4.407037E+03,2.915619E-01,4.319244E-01,1.857024E+04,3.432439E+03,9.567216E-01,3.365908E-01,1.155992E+04,2.065839E+03,5.955412E-01,2.025818E-01,1.830436E+04,3.416654E+03,9.430194E-01,3.350418E-01,1.155568E+04,2.288069E+03,5.953226E-01,2.243701E-01
22:00:00,5.651330E+03,4.360152E+03,2.915680E-01,4.273296E-01,1.857046E+04,3.371442E+03,9.567328E-01,3.306096E-01,1.156007E+04,2.028558E+03,5.955484E-01,1.989261E-01,1.830458E+04,3.353117E+03,9.430307E-01,3.288118E-01,1.155582E+04,2.234417E+03,5.953299E-01,2.191096E-01
22:10:00,5.651440E+03,3.613801E+03,2.915737E-01,3.541814E-01,1.857066E+04,2.784009E+03,9.567433E-01,2.730051E-01,1.156020E+04,1.674865E+03,5.955551E-01,1.642420E-01,1.830478E+04,2.767674E+03,9.430411E-01,2.714025E-01,1.155595E+04,1.839567E+03,5.953366E-01,1.803904E-01
22:20:00,5.651541E+03,2.969832E+03,2.915789E-01,2.892616E-01,1.857085E+04,2.207211E+03,9.567530E-01,2.164433E-01,1.156032E+04,1.327666E+03,5.955613E-01,1.301948E-01,1.830497E+04,2.193497E+03,9.430507E-01,2.150980E-01,1.155607E+04,1.454518E+03,5.953428E-01,1.426323E-01
22:30:00,5.651635E+03,2.397286E+03,2.915837E-01,2.298608E-01,1.857102E+04,1.640722E+03,9.567621E-01,1.608924E-01,1.156043E+04,9.867667E+02,5.955671E-01,9.676524E-02,1.830514E+04,1.630083E+03,9.430598E-01,1.598488E-01,1.155619E+04,1.078589E+03,5.953486E-01,1.057683E-01
22:40:00,5.651722E+03,1.847511E+03,2.915882E-01,1.723783E-01,1.857119E+04,1.084224E+03,9.567706E-01,1.063212E-01,1.156053E+04,6.519758E+02,5.955726E-01,6.393469E-02,1.830531E+04,1.076969E+03,9.430683E-01,1.056096E-01,1.155629E+04,7.111882E+02,5.953540E-01,6.974039E-02
22:50:00,5.651804E+03,1.316793E+03,2.915925E-01,1.165213E-01,1.857134E+04,5.374131E+02,9.567786E-01,5.269980E-02,1.156063E+04,3.231114E+02,5.955777E-01,3.168528E-02,1.830546E+04,5.337354E+02,9.430763E-01,5.233909E-02,1.155639E+04,3.518055E+02,5.953591E-01,3.449871E-02
23:00:00,5.651881E+03,8.026164E+02,2.915964E-01,6.209007E-02,1.857149E+04,0.000000E+00,9.567863E-01,0.000000E+00,1.156073E+04,0.000000E+00,5.955825E-01,0.000000E+00,1.830561E+04,0.000000E+00,9.430838E-01,0.000000E+00,1.155649E+04,0.000000E+00,5.953640E-01,0.000000E+00
23:10:00,5.651954E+03,1.003839E+03,2.916002E-01,7.761900E-02,1.857163E+04,0.000000E+00,9.567935E-01,0.000000E+00,1.156082E+04,0.000000E+00,5.955871E-01,0.000000E+00,1.830575E+04,0.000000E+00,9.430910E-01,0.000000E+00,1.155657E+04,0.000000E+00,5.953685E-01,0.000000E+00
23:20:00,5.652023E+03,1.116666E+03,2.916037E-01,8.617060E-02,1.857177E+04,0.000000E+00,9.568004E-01,0.000000E+00,1.156090E+04,0.000000E+00,5.955914E-01,0.000000E+00,1.830588E+04,0.000000E+00,9.430979E-01,0.000000E+00,1.155666E+04,0.000000E+00,5.953729E-01,0.000000E+00
23:30:00,5.652088E+03,1.170468E+03,2.916071E-01,9.032625E-02,1.857189E+04,0.000000E+00,9.568070E-01,0.000000E+00,1.156098E+04,0.000000E+00,5.955956E-01,0.000000E+00,1.830601E+04,0.000000E+00,9.431044E-01,0.000000E+00,1.155674E+04,0.000000E+00,5.953771E-01,0.000000E+00
23:40:00,5.652151E+03,1.212529E+03,2.916103E-01,9.357528E-02,1.857202E+04,0.000000E+00,9.568133E-01,0.000000E+00,1.156106E+04,0.000000E+00,5.955996E-01,0.000000E+00,1.830613E+04,0.000000E+00,9.431107E-01,0.000000E+00,1.155682E+04,0.000000E+00,5.953810E-01,0.000000E+00
23:50:00,5.652210E+03,1.245386E+03,2.916134E-01,9.611359E-02,1.857213E+04,0.000000E+00,9.568193E-01,0.000000E+00,1.156113E+04,0.000000E+00,5.956034E-01,0.000000E+00,1.830625E+04,0.000000E+00,9.431167E-01,0.000000E+00,1.155689E+04,0.000000E+00,5.953848E-01,0.000000E+00
24:00:00,5.652268E+03,1.270488E+03,2.916164E-01,9.805302E-02,1.857225E+04,0.000000E+00,9.568251E-01,0.000000E+00,1.156120E+04,0.000000E+00,5.956070E-01,0.000000E+00,1.830636E+04,0.000000E+00,9.431224E-01,0.000000E+00,1.155696E+04,0.000000E+00,5.953885E-01,0.000000E+00
Peak,5.653474E+03,5.624377E+03,2.916786E-01,5.512315E-01,1.857457E+04,6.595810E+03,9.569451E-01,6.467880E-01,1.156265E+04,4.675020E+03,5.956818E-01,4.584321E-01,1.830866E+04,5.571796E+03,9.432412E-01,5.463830E-01,1.155841E+04,6.069345E+03,5.954633E-01,5.951459E-01

Peak Vol Flow (m3/s),,,2.480503E-01,4.687802E-01,,,8.138086E-01,5.500438E-01,,,5.065818E-01,3.898614E-01,,,8.021546E-01,4.646570E-01,,,5.063960E-01,5.061261E-01
